run_id,tool_a,call_a,tool_b,call_b,layer,head,l2,cosine,input_tokens_a,input_tokens_b,overlap_tokens,overlap_pct_a,overlap_pct_b
20260629_204312_652813,web_search,0,terminate,1,0,0,0.010443,0.978159,1900,2937,1900,100.00,64.69
20260629_204312_652813,web_search,0,terminate,1,0,1,0.015697,0.992840,1900,2937,1900,100.00,64.69
20260629_204312_652813,web_search,0,terminate,1,0,2,0.013838,0.993268,1900,2937,1900,100.00,64.69
20260629_204312_652813,web_search,0,terminate,1,0,3,0.013628,0.990419,1900,2937,1900,100.00,64.69
20260629_204312_652813,web_search,0,terminate,1,0,4,0.010992,0.999281,1900,2937,1900,100.00,64.69
20260629_204312_652813,web_search,0,terminate,1,0,5,0.009127,0.978231,1900,2937,1900,100.00,64.69
20260629_204312_652813,web_search,0,terminate,1,0,6,0.011255,0.984256,1900,2937,1900,100.00,64.69
20260629_204312_652813,web_search,0,terminate,1,0,7,0.012700,0.995452,1900,2937,1900,100.00,64.69
20260629_204312_652813,web_search,0,terminate,1,1,0,0.025297,0.993531,1900,2937,1900,100.00,64.69
20260629_204312_652813,web_search,0,terminate,1,1,1,0.017286,0.996412,1900,2937,1900,100.00,64.69
20260629_204312_652813,web_search,0,terminate,1,1,2,0.016634,0.956192,1900,2937,1900,100.00,64.69
20260629_204312_652813,web_search,0,terminate,1,1,3,0.021617,0.987744,1900,2937,1900,100.00,64.69
20260629_204312_652813,web_search,0,terminate,1,1,4,0.018752,0.985427,1900,2937,1900,100.00,64.69
20260629_204312_652813,web_search,0,terminate,1,1,5,0.017218,0.993258,1900,2937,1900,100.00,64.69
20260629_204312_652813,web_search,0,terminate,1,1,6,0.019984,0.962699,1900,2937,1900,100.00,64.69
20260629_204312_652813,web_search,0,terminate,1,1,7,0.024218,0.998510,1900,2937,1900,100.00,64.69
20260629_204312_652813,web_search,0,terminate,1,2,0,0.036522,0.966144,1900,2937,1900,100.00,64.69
20260629_204312_652813,web_search,0,terminate,1,2,1,0.021518,0.982859,1900,2937,1900,100.00,64.69
20260629_204312_652813,web_search,0,terminate,1,2,2,0.022518,0.945677,1900,2937,1900,100.00,64.69
20260629_204312_652813,web_search,0,terminate,1,2,3,0.025685,0.963295,1900,2937,1900,100.00,64.69
20260629_204312_652813,web_search,0,terminate,1,2,4,0.025190,0.992928,1900,2937,1900,100.00,64.69
20260629_204312_652813,web_search,0,terminate,1,2,5,0.023718,0.967414,1900,2937,1900,100.00,64.69
20260629_204312_652813,web_search,0,terminate,1,2,6,0.021956,0.962027,1900,2937,1900,100.00,64.69
20260629_204312_652813,web_search,0,terminate,1,2,7,0.025093,0.980134,1900,2937,1900,100.00,64.69
20260629_204312_652813,web_search,0,terminate,1,3,0,0.045487,0.963993,1900,2937,1900,100.00,64.69
20260629_204312_652813,web_search,0,terminate,1,3,1,0.026604,0.984574,1900,2937,1900,100.00,64.69
20260629_204312_652813,web_search,0,terminate,1,3,2,0.030585,0.955272,1900,2937,1900,100.00,64.69
20260629_204312_652813,web_search,0,terminate,1,3,3,0.036250,0.953657,1900,2937,1900,100.00,64.69
20260629_204312_652813,web_search,0,terminate,1,3,4,0.028454,0.952230,1900,2937,1900,100.00,64.69
20260629_204312_652813,web_search,0,terminate,1,3,5,0.030667,0.977586,1900,2937,1900,100.00,64.69
20260629_204312_652813,web_search,0,terminate,1,3,6,0.024492,0.968590,1900,2937,1900,100.00,64.69
20260629_204312_652813,web_search,0,terminate,1,3,7,0.038613,0.938924,1900,2937,1900,100.00,64.69
20260629_204312_652813,web_search,0,terminate,1,4,0,0.051738,0.954016,1900,2937,1900,100.00,64.69
20260629_204312_652813,web_search,0,terminate,1,4,1,0.040549,0.963878,1900,2937,1900,100.00,64.69
20260629_204312_652813,web_search,0,terminate,1,4,2,0.046168,0.996202,1900,2937,1900,100.00,64.69
20260629_204312_652813,web_search,0,terminate,1,4,3,0.038040,0.954239,1900,2937,1900,100.00,64.69
20260629_204312_652813,web_search,0,terminate,1,4,4,0.047110,0.948136,1900,2937,1900,100.00,64.69
20260629_204312_652813,web_search,0,terminate,1,4,5,0.039879,0.973537,1900,2937,1900,100.00,64.69
20260629_204312_652813,web_search,0,terminate,1,4,6,0.042490,0.926951,1900,2937,1900,100.00,64.69
20260629_204312_652813,web_search,0,terminate,1,4,7,0.037784,0.952184,1900,2937,1900,100.00,64.69
20260629_204312_652813,web_search,0,terminate,1,5,0,0.071781,0.990341,1900,2937,1900,100.00,64.69
20260629_204312_652813,web_search,0,terminate,1,5,1,0.054715,0.973182,1900,2937,1900,100.00,64.69
20260629_204312_652813,web_search,0,terminate,1,5,2,0.041760,0.956426,1900,2937,1900,100.00,64.69
20260629_204312_652813,web_search,0,terminate,1,5,3,0.071361,0.991452,1900,2937,1900,100.00,64.69
20260629_204312_652813,web_search,0,terminate,1,5,4,0.043460,0.995628,1900,2937,1900,100.00,64.69
20260629_204312_652813,web_search,0,terminate,1,5,5,0.045341,0.969108,1900,2937,1900,100.00,64.69
20260629_204312_652813,web_search,0,terminate,1,5,6,0.068086,0.963656,1900,2937,1900,100.00,64.69
20260629_204312_652813,web_search,0,terminate,1,5,7,0.067313,0.949847,1900,2937,1900,100.00,64.69
20260629_204312_652813,web_search,0,terminate,1,6,0,0.097425,0.925108,1900,2937,1900,100.00,64.69
20260629_204312_652813,web_search,0,terminate,1,6,1,0.067983,0.981332,1900,2937,1900,100.00,64.69
20260629_204312_652813,web_search,0,terminate,1,6,2,0.094825,0.863625,1900,2937,1900,100.00,64.69
20260629_204312_652813,web_search,0,terminate,1,6,3,0.047683,0.905755,1900,2937,1900,100.00,64.69
20260629_204312_652813,web_search,0,terminate,1,6,4,0.076049,0.951044,1900,2937,1900,100.00,64.69
20260629_204312_652813,web_search,0,terminate,1,6,5,0.104239,0.948504,1900,2937,1900,100.00,64.69
20260629_204312_652813,web_search,0,terminate,1,6,6,0.086657,0.937868,1900,2937,1900,100.00,64.69
20260629_204312_652813,web_search,0,terminate,1,6,7,0.061761,0.952840,1900,2937,1900,100.00,64.69
20260629_204312_652813,web_search,0,terminate,1,7,0,0.178549,0.972158,1900,2937,1900,100.00,64.69
20260629_204312_652813,web_search,0,terminate,1,7,1,0.129561,0.949362,1900,2937,1900,100.00,64.69
20260629_204312_652813,web_search,0,terminate,1,7,2,0.103000,0.992759,1900,2937,1900,100.00,64.69
20260629_204312_652813,web_search,0,terminate,1,7,3,0.096865,0.929863,1900,2937,1900,100.00,64.69
20260629_204312_652813,web_search,0,terminate,1,7,4,0.126635,0.979332,1900,2937,1900,100.00,64.69
20260629_204312_652813,web_search,0,terminate,1,7,5,0.102791,0.932379,1900,2937,1900,100.00,64.69
20260629_204312_652813,web_search,0,terminate,1,7,6,0.172187,0.951495,1900,2937,1900,100.00,64.69
20260629_204312_652813,web_search,0,terminate,1,7,7,0.183226,0.961589,1900,2937,1900,100.00,64.69
20260629_204312_652813,web_search,0,terminate,1,8,0,0.138867,0.985882,1900,2937,1900,100.00,64.69
20260629_204312_652813,web_search,0,terminate,1,8,1,0.199322,0.930860,1900,2937,1900,100.00,64.69
20260629_204312_652813,web_search,0,terminate,1,8,2,0.155482,0.983822,1900,2937,1900,100.00,64.69
20260629_204312_652813,web_search,0,terminate,1,8,3,0.193516,0.954511,1900,2937,1900,100.00,64.69
20260629_204312_652813,web_search,0,terminate,1,8,4,0.242309,0.935178,1900,2937,1900,100.00,64.69
20260629_204312_652813,web_search,0,terminate,1,8,5,0.131706,0.971519,1900,2937,1900,100.00,64.69
20260629_204312_652813,web_search,0,terminate,1,8,6,0.111907,0.981520,1900,2937,1900,100.00,64.69
20260629_204312_652813,web_search,0,terminate,1,8,7,0.199812,0.950356,1900,2937,1900,100.00,64.69
20260629_204312_652813,web_search,0,terminate,1,9,0,0.173767,0.971078,1900,2937,1900,100.00,64.69
20260629_204312_652813,web_search,0,terminate,1,9,1,0.134682,0.983979,1900,2937,1900,100.00,64.69
20260629_204312_652813,web_search,0,terminate,1,9,2,0.139771,0.975137,1900,2937,1900,100.00,64.69
20260629_204312_652813,web_search,0,terminate,1,9,3,0.158946,0.970042,1900,2937,1900,100.00,64.69
20260629_204312_652813,web_search,0,terminate,1,9,4,0.145235,0.967412,1900,2937,1900,100.00,64.69
20260629_204312_652813,web_search,0,terminate,1,9,5,0.094440,0.962328,1900,2937,1900,100.00,64.69
20260629_204312_652813,web_search,0,terminate,1,9,6,0.108441,0.973106,1900,2937,1900,100.00,64.69
20260629_204312_652813,web_search,0,terminate,1,9,7,0.153718,0.979336,1900,2937,1900,100.00,64.69
20260629_204312_652813,web_search,0,terminate,1,10,0,0.132561,0.988527,1900,2937,1900,100.00,64.69
20260629_204312_652813,web_search,0,terminate,1,10,1,0.172137,0.925424,1900,2937,1900,100.00,64.69
20260629_204312_652813,web_search,0,terminate,1,10,2,0.109790,0.971350,1900,2937,1900,100.00,64.69
20260629_204312_652813,web_search,0,terminate,1,10,3,0.102990,0.932395,1900,2937,1900,100.00,64.69
20260629_204312_652813,web_search,0,terminate,1,10,4,0.176321,0.971537,1900,2937,1900,100.00,64.69
20260629_204312_652813,web_search,0,terminate,1,10,5,0.146255,0.988070,1900,2937,1900,100.00,64.69
20260629_204312_652813,web_search,0,terminate,1,10,6,0.190211,0.894009,1900,2937,1900,100.00,64.69
20260629_204312_652813,web_search,0,terminate,1,10,7,0.218928,0.945931,1900,2937,1900,100.00,64.69
20260629_204312_652813,web_search,0,terminate,1,11,0,0.136093,0.954160,1900,2937,1900,100.00,64.69
20260629_204312_652813,web_search,0,terminate,1,11,1,0.231369,0.936929,1900,2937,1900,100.00,64.69
20260629_204312_652813,web_search,0,terminate,1,11,2,0.202136,0.931712,1900,2937,1900,100.00,64.69
20260629_204312_652813,web_search,0,terminate,1,11,3,0.190601,0.932796,1900,2937,1900,100.00,64.69
20260629_204312_652813,web_search,0,terminate,1,11,4,0.275783,0.916193,1900,2937,1900,100.00,64.69
20260629_204312_652813,web_search,0,terminate,1,11,5,0.109255,0.958795,1900,2937,1900,100.00,64.69
20260629_204312_652813,web_search,0,terminate,1,11,6,0.140673,0.968133,1900,2937,1900,100.00,64.69
20260629_204312_652813,web_search,0,terminate,1,11,7,0.164314,0.945087,1900,2937,1900,100.00,64.69
20260629_204312_652813,web_search,0,terminate,1,12,0,0.254008,0.937575,1900,2937,1900,100.00,64.69
20260629_204312_652813,web_search,0,terminate,1,12,1,0.188822,0.936684,1900,2937,1900,100.00,64.69
20260629_204312_652813,web_search,0,terminate,1,12,2,0.279118,0.983407,1900,2937,1900,100.00,64.69
20260629_204312_652813,web_search,0,terminate,1,12,3,0.285978,0.940763,1900,2937,1900,100.00,64.69
20260629_204312_652813,web_search,0,terminate,1,12,4,0.198874,0.963426,1900,2937,1900,100.00,64.69
20260629_204312_652813,web_search,0,terminate,1,12,5,0.243434,0.926868,1900,2937,1900,100.00,64.69
20260629_204312_652813,web_search,0,terminate,1,12,6,0.215842,0.943764,1900,2937,1900,100.00,64.69
20260629_204312_652813,web_search,0,terminate,1,12,7,0.248247,0.917436,1900,2937,1900,100.00,64.69
20260629_204312_652813,web_search,0,terminate,1,13,0,0.312902,0.971615,1900,2937,1900,100.00,64.69
20260629_204312_652813,web_search,0,terminate,1,13,1,0.286787,0.963208,1900,2937,1900,100.00,64.69
20260629_204312_652813,web_search,0,terminate,1,13,2,0.427381,0.957050,1900,2937,1900,100.00,64.69
20260629_204312_652813,web_search,0,terminate,1,13,3,0.343523,0.945122,1900,2937,1900,100.00,64.69
20260629_204312_652813,web_search,0,terminate,1,13,4,0.244369,0.934990,1900,2937,1900,100.00,64.69
20260629_204312_652813,web_search,0,terminate,1,13,5,0.259799,0.888935,1900,2937,1900,100.00,64.69
20260629_204312_652813,web_search,0,terminate,1,13,6,0.377841,0.974461,1900,2937,1900,100.00,64.69
20260629_204312_652813,web_search,0,terminate,1,13,7,0.286267,0.934146,1900,2937,1900,100.00,64.69
20260629_204312_652813,web_search,0,terminate,1,14,0,0.262714,0.903721,1900,2937,1900,100.00,64.69
20260629_204312_652813,web_search,0,terminate,1,14,1,0.269850,0.865990,1900,2937,1900,100.00,64.69
20260629_204312_652813,web_search,0,terminate,1,14,2,0.207303,0.982736,1900,2937,1900,100.00,64.69
20260629_204312_652813,web_search,0,terminate,1,14,3,0.303144,0.963526,1900,2937,1900,100.00,64.69
20260629_204312_652813,web_search,0,terminate,1,14,4,0.451190,0.982159,1900,2937,1900,100.00,64.69
20260629_204312_652813,web_search,0,terminate,1,14,5,0.297507,0.951743,1900,2937,1900,100.00,64.69
20260629_204312_652813,web_search,0,terminate,1,14,6,0.504341,0.944571,1900,2937,1900,100.00,64.69
20260629_204312_652813,web_search,0,terminate,1,14,7,0.232337,0.967469,1900,2937,1900,100.00,64.69
20260629_204312_652813,web_search,0,terminate,1,15,0,0.338757,0.961934,1900,2937,1900,100.00,64.69
20260629_204312_652813,web_search,0,terminate,1,15,1,0.400120,0.956862,1900,2937,1900,100.00,64.69
20260629_204312_652813,web_search,0,terminate,1,15,2,0.249670,0.968223,1900,2937,1900,100.00,64.69
20260629_204312_652813,web_search,0,terminate,1,15,3,0.357430,0.935031,1900,2937,1900,100.00,64.69
20260629_204312_652813,web_search,0,terminate,1,15,4,0.429661,0.962936,1900,2937,1900,100.00,64.69
20260629_204312_652813,web_search,0,terminate,1,15,5,0.438588,0.939332,1900,2937,1900,100.00,64.69
20260629_204312_652813,web_search,0,terminate,1,15,6,0.261316,0.974728,1900,2937,1900,100.00,64.69
20260629_204312_652813,web_search,0,terminate,1,15,7,0.259735,0.973688,1900,2937,1900,100.00,64.69
20260629_204312_652813,web_search,0,terminate,1,16,0,0.336254,0.954170,1900,2937,1900,100.00,64.69
20260629_204312_652813,web_search,0,terminate,1,16,1,0.736129,0.858511,1900,2937,1900,100.00,64.69
20260629_204312_652813,web_search,0,terminate,1,16,2,0.476534,0.921827,1900,2937,1900,100.00,64.69
20260629_204312_652813,web_search,0,terminate,1,16,3,0.297931,0.934159,1900,2937,1900,100.00,64.69
20260629_204312_652813,web_search,0,terminate,1,16,4,0.410959,0.960704,1900,2937,1900,100.00,64.69
20260629_204312_652813,web_search,0,terminate,1,16,5,0.409962,0.948597,1900,2937,1900,100.00,64.69
20260629_204312_652813,web_search,0,terminate,1,16,6,0.363244,0.954709,1900,2937,1900,100.00,64.69
20260629_204312_652813,web_search,0,terminate,1,16,7,0.504883,0.948753,1900,2937,1900,100.00,64.69
20260629_204312_652813,web_search,0,terminate,1,17,0,0.516582,0.936347,1900,2937,1900,100.00,64.69
20260629_204312_652813,web_search,0,terminate,1,17,1,0.324165,0.958318,1900,2937,1900,100.00,64.69
20260629_204312_652813,web_search,0,terminate,1,17,2,0.345899,0.955942,1900,2937,1900,100.00,64.69
20260629_204312_652813,web_search,0,terminate,1,17,3,0.565432,0.942854,1900,2937,1900,100.00,64.69
20260629_204312_652813,web_search,0,terminate,1,17,4,0.304414,0.962774,1900,2937,1900,100.00,64.69
20260629_204312_652813,web_search,0,terminate,1,17,5,0.441457,0.932954,1900,2937,1900,100.00,64.69
20260629_204312_652813,web_search,0,terminate,1,17,6,0.554679,0.940878,1900,2937,1900,100.00,64.69
20260629_204312_652813,web_search,0,terminate,1,17,7,0.434423,0.943435,1900,2937,1900,100.00,64.69
20260629_204312_652813,web_search,0,terminate,1,18,0,0.854809,0.938127,1900,2937,1900,100.00,64.69
20260629_204312_652813,web_search,0,terminate,1,18,1,0.387567,0.919457,1900,2937,1900,100.00,64.69
20260629_204312_652813,web_search,0,terminate,1,18,2,0.476583,0.954070,1900,2937,1900,100.00,64.69
20260629_204312_652813,web_search,0,terminate,1,18,3,0.679798,0.940152,1900,2937,1900,100.00,64.69
20260629_204312_652813,web_search,0,terminate,1,18,4,0.305981,0.963267,1900,2937,1900,100.00,64.69
20260629_204312_652813,web_search,0,terminate,1,18,5,0.407564,0.966437,1900,2937,1900,100.00,64.69
20260629_204312_652813,web_search,0,terminate,1,18,6,0.308550,0.950466,1900,2937,1900,100.00,64.69
20260629_204312_652813,web_search,0,terminate,1,18,7,0.436128,0.949708,1900,2937,1900,100.00,64.69
20260629_204312_652813,web_search,0,terminate,1,19,0,0.389506,0.945748,1900,2937,1900,100.00,64.69
20260629_204312_652813,web_search,0,terminate,1,19,1,0.603770,0.917343,1900,2937,1900,100.00,64.69
20260629_204312_652813,web_search,0,terminate,1,19,2,0.396086,0.913383,1900,2937,1900,100.00,64.69
20260629_204312_652813,web_search,0,terminate,1,19,3,0.452668,0.955980,1900,2937,1900,100.00,64.69
20260629_204312_652813,web_search,0,terminate,1,19,4,0.536140,0.956062,1900,2937,1900,100.00,64.69
20260629_204312_652813,web_search,0,terminate,1,19,5,0.594160,0.914800,1900,2937,1900,100.00,64.69
20260629_204312_652813,web_search,0,terminate,1,19,6,0.344483,0.942503,1900,2937,1900,100.00,64.69
20260629_204312_652813,web_search,0,terminate,1,19,7,0.663339,0.937564,1900,2937,1900,100.00,64.69
20260629_204312_652813,web_search,0,terminate,1,20,0,0.678639,0.921308,1900,2937,1900,100.00,64.69
20260629_204312_652813,web_search,0,terminate,1,20,1,0.463688,0.961528,1900,2937,1900,100.00,64.69
20260629_204312_652813,web_search,0,terminate,1,20,2,0.751655,0.921163,1900,2937,1900,100.00,64.69
20260629_204312_652813,web_search,0,terminate,1,20,3,0.657027,0.902035,1900,2937,1900,100.00,64.69
20260629_204312_652813,web_search,0,terminate,1,20,4,0.532626,0.946452,1900,2937,1900,100.00,64.69
20260629_204312_652813,web_search,0,terminate,1,20,5,0.539524,0.940239,1900,2937,1900,100.00,64.69
20260629_204312_652813,web_search,0,terminate,1,20,6,0.684988,0.959548,1900,2937,1900,100.00,64.69
20260629_204312_652813,web_search,0,terminate,1,20,7,0.623007,0.949629,1900,2937,1900,100.00,64.69
20260629_204312_652813,web_search,0,terminate,1,21,0,0.990103,0.948113,1900,2937,1900,100.00,64.69
20260629_204312_652813,web_search,0,terminate,1,21,1,0.841550,0.971219,1900,2937,1900,100.00,64.69
20260629_204312_652813,web_search,0,terminate,1,21,2,0.828714,0.946599,1900,2937,1900,100.00,64.69
20260629_204312_652813,web_search,0,terminate,1,21,3,0.549157,0.906230,1900,2937,1900,100.00,64.69
20260629_204312_652813,web_search,0,terminate,1,21,4,0.432322,0.956901,1900,2937,1900,100.00,64.69
20260629_204312_652813,web_search,0,terminate,1,21,5,0.911192,0.936953,1900,2937,1900,100.00,64.69
20260629_204312_652813,web_search,0,terminate,1,21,6,0.525067,0.930552,1900,2937,1900,100.00,64.69
20260629_204312_652813,web_search,0,terminate,1,21,7,0.527487,0.919879,1900,2937,1900,100.00,64.69
20260629_204312_652813,web_search,0,terminate,1,22,0,0.734411,0.863302,1900,2937,1900,100.00,64.69
20260629_204312_652813,web_search,0,terminate,1,22,1,0.368260,0.943331,1900,2937,1900,100.00,64.69
20260629_204312_652813,web_search,0,terminate,1,22,2,0.709400,0.927250,1900,2937,1900,100.00,64.69
20260629_204312_652813,web_search,0,terminate,1,22,3,0.849354,0.931485,1900,2937,1900,100.00,64.69
20260629_204312_652813,web_search,0,terminate,1,22,4,0.727045,0.936081,1900,2937,1900,100.00,64.69
20260629_204312_652813,web_search,0,terminate,1,22,5,0.760006,0.941272,1900,2937,1900,100.00,64.69
20260629_204312_652813,web_search,0,terminate,1,22,6,0.539677,0.925572,1900,2937,1900,100.00,64.69
20260629_204312_652813,web_search,0,terminate,1,22,7,0.973876,0.928976,1900,2937,1900,100.00,64.69
20260629_204312_652813,web_search,0,terminate,1,23,0,0.869509,0.903056,1900,2937,1900,100.00,64.69
20260629_204312_652813,web_search,0,terminate,1,23,1,0.824804,0.943789,1900,2937,1900,100.00,64.69
20260629_204312_652813,web_search,0,terminate,1,23,2,0.597528,0.953207,1900,2937,1900,100.00,64.69
20260629_204312_652813,web_search,0,terminate,1,23,3,0.503439,0.957726,1900,2937,1900,100.00,64.69
20260629_204312_652813,web_search,0,terminate,1,23,4,0.601177,0.919592,1900,2937,1900,100.00,64.69
20260629_204312_652813,web_search,0,terminate,1,23,5,0.600675,0.944105,1900,2937,1900,100.00,64.69
20260629_204312_652813,web_search,0,terminate,1,23,6,0.578289,0.962806,1900,2937,1900,100.00,64.69
20260629_204312_652813,web_search,0,terminate,1,23,7,0.705924,0.910202,1900,2937,1900,100.00,64.69
20260629_204312_652813,web_search,0,terminate,1,24,0,1.263605,0.937052,1900,2937,1900,100.00,64.69
20260629_204312_652813,web_search,0,terminate,1,24,1,0.618349,0.975366,1900,2937,1900,100.00,64.69
20260629_204312_652813,web_search,0,terminate,1,24,2,0.576472,0.972825,1900,2937,1900,100.00,64.69
20260629_204312_652813,web_search,0,terminate,1,24,3,0.835960,0.908660,1900,2937,1900,100.00,64.69
20260629_204312_652813,web_search,0,terminate,1,24,4,1.023186,0.930407,1900,2937,1900,100.00,64.69
20260629_204312_652813,web_search,0,terminate,1,24,5,0.964453,0.858806,1900,2937,1900,100.00,64.69
20260629_204312_652813,web_search,0,terminate,1,24,6,0.718981,0.945167,1900,2937,1900,100.00,64.69
20260629_204312_652813,web_search,0,terminate,1,24,7,0.826212,0.912261,1900,2937,1900,100.00,64.69
20260629_204312_652813,web_search,0,terminate,1,25,0,0.636089,0.934204,1900,2937,1900,100.00,64.69
20260629_204312_652813,web_search,0,terminate,1,25,1,1.018875,0.942495,1900,2937,1900,100.00,64.69
20260629_204312_652813,web_search,0,terminate,1,25,2,1.093767,0.928497,1900,2937,1900,100.00,64.69
20260629_204312_652813,web_search,0,terminate,1,25,3,0.805726,0.877596,1900,2937,1900,100.00,64.69
20260629_204312_652813,web_search,0,terminate,1,25,4,1.427132,0.912391,1900,2937,1900,100.00,64.69
20260629_204312_652813,web_search,0,terminate,1,25,5,0.771880,0.937772,1900,2937,1900,100.00,64.69
20260629_204312_652813,web_search,0,terminate,1,25,6,1.014122,0.910683,1900,2937,1900,100.00,64.69
20260629_204312_652813,web_search,0,terminate,1,25,7,0.711959,0.938798,1900,2937,1900,100.00,64.69
20260629_204312_652813,web_search,0,terminate,1,26,0,1.101656,0.897209,1900,2937,1900,100.00,64.69
20260629_204312_652813,web_search,0,terminate,1,26,1,1.030757,0.965361,1900,2937,1900,100.00,64.69
20260629_204312_652813,web_search,0,terminate,1,26,2,0.931103,0.928236,1900,2937,1900,100.00,64.69
20260629_204312_652813,web_search,0,terminate,1,26,3,1.034439,0.931742,1900,2937,1900,100.00,64.69
20260629_204312_652813,web_search,0,terminate,1,26,4,0.739005,0.963699,1900,2937,1900,100.00,64.69
20260629_204312_652813,web_search,0,terminate,1,26,5,0.630111,0.935032,1900,2937,1900,100.00,64.69
20260629_204312_652813,web_search,0,terminate,1,26,6,0.966130,0.962306,1900,2937,1900,100.00,64.69
20260629_204312_652813,web_search,0,terminate,1,26,7,0.928002,0.934833,1900,2937,1900,100.00,64.69
20260629_204312_652813,web_search,0,terminate,1,27,0,1.344210,0.940943,1900,2937,1900,100.00,64.69
20260629_204312_652813,web_search,0,terminate,1,27,1,1.436835,0.943357,1900,2937,1900,100.00,64.69
20260629_204312_652813,web_search,0,terminate,1,27,2,1.839749,0.858279,1900,2937,1900,100.00,64.69
20260629_204312_652813,web_search,0,terminate,1,27,3,0.901356,0.958775,1900,2937,1900,100.00,64.69
20260629_204312_652813,web_search,0,terminate,1,27,4,1.147827,0.930396,1900,2937,1900,100.00,64.69
20260629_204312_652813,web_search,0,terminate,1,27,5,0.942165,0.896693,1900,2937,1900,100.00,64.69
20260629_204312_652813,web_search,0,terminate,1,27,6,0.819015,0.963193,1900,2937,1900,100.00,64.69
20260629_204312_652813,web_search,0,terminate,1,27,7,1.262108,0.926665,1900,2937,1900,100.00,64.69
20260629_204312_652813,web_search,0,terminate,1,28,0,0.901028,0.954312,1900,2937,1900,100.00,64.69
20260629_204312_652813,web_search,0,terminate,1,28,1,1.040651,0.944008,1900,2937,1900,100.00,64.69
20260629_204312_652813,web_search,0,terminate,1,28,2,0.866423,0.960596,1900,2937,1900,100.00,64.69
20260629_204312_652813,web_search,0,terminate,1,28,3,0.993342,0.912749,1900,2937,1900,100.00,64.69
20260629_204312_652813,web_search,0,terminate,1,28,4,1.184923,0.933136,1900,2937,1900,100.00,64.69
20260629_204312_652813,web_search,0,terminate,1,28,5,1.736172,0.938949,1900,2937,1900,100.00,64.69
20260629_204312_652813,web_search,0,terminate,1,28,6,0.812503,0.973740,1900,2937,1900,100.00,64.69
20260629_204312_652813,web_search,0,terminate,1,28,7,1.160310,0.887814,1900,2937,1900,100.00,64.69
20260629_204312_652813,web_search,0,terminate,1,29,0,1.370448,0.918801,1900,2937,1900,100.00,64.69
20260629_204312_652813,web_search,0,terminate,1,29,1,1.329115,0.935529,1900,2937,1900,100.00,64.69
20260629_204312_652813,web_search,0,terminate,1,29,2,1.158749,0.887018,1900,2937,1900,100.00,64.69
20260629_204312_652813,web_search,0,terminate,1,29,3,2.056287,0.964929,1900,2937,1900,100.00,64.69
20260629_204312_652813,web_search,0,terminate,1,29,4,1.377234,0.951894,1900,2937,1900,100.00,64.69
20260629_204312_652813,web_search,0,terminate,1,29,5,1.760380,0.946996,1900,2937,1900,100.00,64.69
20260629_204312_652813,web_search,0,terminate,1,29,6,1.637806,0.891824,1900,2937,1900,100.00,64.69
20260629_204312_652813,web_search,0,terminate,1,29,7,2.150778,0.970018,1900,2937,1900,100.00,64.69
20260629_204312_652813,web_search,0,terminate,1,30,0,1.214009,0.932906,1900,2937,1900,100.00,64.69
20260629_204312_652813,web_search,0,terminate,1,30,1,1.798495,0.930462,1900,2937,1900,100.00,64.69
20260629_204312_652813,web_search,0,terminate,1,30,2,1.165738,0.956385,1900,2937,1900,100.00,64.69
20260629_204312_652813,web_search,0,terminate,1,30,3,2.619371,0.959665,1900,2937,1900,100.00,64.69
20260629_204312_652813,web_search,0,terminate,1,30,4,1.637114,0.977026,1900,2937,1900,100.00,64.69
20260629_204312_652813,web_search,0,terminate,1,30,5,1.358020,0.933840,1900,2937,1900,100.00,64.69
20260629_204312_652813,web_search,0,terminate,1,30,6,1.700279,0.910125,1900,2937,1900,100.00,64.69
20260629_204312_652813,web_search,0,terminate,1,30,7,3.043085,0.927599,1900,2937,1900,100.00,64.69
20260629_204312_652813,web_search,0,terminate,1,31,0,2.436265,0.918224,1900,2937,1900,100.00,64.69
20260629_204312_652813,web_search,0,terminate,1,31,1,1.779475,0.958579,1900,2937,1900,100.00,64.69
20260629_204312_652813,web_search,0,terminate,1,31,2,1.426065,0.942524,1900,2937,1900,100.00,64.69
20260629_204312_652813,web_search,0,terminate,1,31,3,2.465018,0.924252,1900,2937,1900,100.00,64.69
20260629_204312_652813,web_search,0,terminate,1,31,4,1.540809,0.968474,1900,2937,1900,100.00,64.69
20260629_204312_652813,web_search,0,terminate,1,31,5,1.845585,0.900216,1900,2937,1900,100.00,64.69
20260629_204312_652813,web_search,0,terminate,1,31,6,2.543490,0.943006,1900,2937,1900,100.00,64.69
20260629_204312_652813,web_search,0,terminate,1,31,7,2.636292,0.893347,1900,2937,1900,100.00,64.69
20260629_204312_652813,web_search,0,terminate,1,32,0,2.748478,0.932585,1900,2937,1900,100.00,64.69
20260629_204312_652813,web_search,0,terminate,1,32,1,1.799604,0.912769,1900,2937,1900,100.00,64.69
20260629_204312_652813,web_search,0,terminate,1,32,2,1.512058,0.935570,1900,2937,1900,100.00,64.69
20260629_204312_652813,web_search,0,terminate,1,32,3,1.663084,0.971395,1900,2937,1900,100.00,64.69
20260629_204312_652813,web_search,0,terminate,1,32,4,3.741731,0.971559,1900,2937,1900,100.00,64.69
20260629_204312_652813,web_search,0,terminate,1,32,5,1.741415,0.951920,1900,2937,1900,100.00,64.69
20260629_204312_652813,web_search,0,terminate,1,32,6,2.460769,0.967758,1900,2937,1900,100.00,64.69
20260629_204312_652813,web_search,0,terminate,1,32,7,3.463331,0.927644,1900,2937,1900,100.00,64.69
20260629_204312_652813,web_search,0,terminate,1,33,0,1.891164,0.954549,1900,2937,1900,100.00,64.69
20260629_204312_652813,web_search,0,terminate,1,33,1,1.531572,0.964230,1900,2937,1900,100.00,64.69
20260629_204312_652813,web_search,0,terminate,1,33,2,2.232429,0.947314,1900,2937,1900,100.00,64.69
20260629_204312_652813,web_search,0,terminate,1,33,3,2.832182,0.933551,1900,2937,1900,100.00,64.69
20260629_204312_652813,web_search,0,terminate,1,33,4,2.790118,0.895349,1900,2937,1900,100.00,64.69
20260629_204312_652813,web_search,0,terminate,1,33,5,2.141651,0.961677,1900,2937,1900,100.00,64.69
20260629_204312_652813,web_search,0,terminate,1,33,6,1.995306,0.945437,1900,2937,1900,100.00,64.69
20260629_204312_652813,web_search,0,terminate,1,33,7,2.852579,0.942854,1900,2937,1900,100.00,64.69
20260629_204312_652813,web_search,0,terminate,1,34,0,4.441306,0.941963,1900,2937,1900,100.00,64.69
20260629_204312_652813,web_search,0,terminate,1,34,1,1.931893,0.954138,1900,2937,1900,100.00,64.69
20260629_204312_652813,web_search,0,terminate,1,34,2,2.049150,0.970838,1900,2937,1900,100.00,64.69
20260629_204312_652813,web_search,0,terminate,1,34,3,2.424796,0.967707,1900,2937,1900,100.00,64.69
20260629_204312_652813,web_search,0,terminate,1,34,4,3.227062,0.953501,1900,2937,1900,100.00,64.69
20260629_204312_652813,web_search,0,terminate,1,34,5,2.418080,0.949872,1900,2937,1900,100.00,64.69
20260629_204312_652813,web_search,0,terminate,1,34,6,2.648262,0.940195,1900,2937,1900,100.00,64.69
20260629_204312_652813,web_search,0,terminate,1,34,7,2.280206,0.959933,1900,2937,1900,100.00,64.69
20260629_204312_652813,web_search,0,terminate,1,35,0,2.759576,0.970476,1900,2937,1900,100.00,64.69
20260629_204312_652813,web_search,0,terminate,1,35,1,2.920137,0.933992,1900,2937,1900,100.00,64.69
20260629_204312_652813,web_search,0,terminate,1,35,2,2.622210,0.960241,1900,2937,1900,100.00,64.69
20260629_204312_652813,web_search,0,terminate,1,35,3,2.093215,0.967535,1900,2937,1900,100.00,64.69
20260629_204312_652813,web_search,0,terminate,1,35,4,2.591661,0.976149,1900,2937,1900,100.00,64.69
20260629_204312_652813,web_search,0,terminate,1,35,5,4.218039,0.939715,1900,2937,1900,100.00,64.69
20260629_204312_652813,web_search,0,terminate,1,35,6,2.649427,0.970346,1900,2937,1900,100.00,64.69
20260629_204312_652813,web_search,0,terminate,1,35,7,3.255143,0.953633,1900,2937,1900,100.00,64.69
20260629_204312_652813,web_search,0,terminate,1,36,0,3.944468,0.948330,1900,2937,1900,100.00,64.69
20260629_204312_652813,web_search,0,terminate,1,36,1,5.484545,0.984095,1900,2937,1900,100.00,64.69
20260629_204312_652813,web_search,0,terminate,1,36,2,3.429534,0.914365,1900,2937,1900,100.00,64.69
20260629_204312_652813,web_search,0,terminate,1,36,3,3.281995,0.949007,1900,2937,1900,100.00,64.69
20260629_204312_652813,web_search,0,terminate,1,36,4,4.032743,0.946373,1900,2937,1900,100.00,64.69
20260629_204312_652813,web_search,0,terminate,1,36,5,2.558433,0.967501,1900,2937,1900,100.00,64.69
20260629_204312_652813,web_search,0,terminate,1,36,6,4.755403,0.960356,1900,2937,1900,100.00,64.69
20260629_204312_652813,web_search,0,terminate,1,36,7,2.766191,0.971924,1900,2937,1900,100.00,64.69
20260629_204312_652813,web_search,0,terminate,1,37,0,3.163082,0.951062,1900,2937,1900,100.00,64.69
20260629_204312_652813,web_search,0,terminate,1,37,1,3.144586,0.961670,1900,2937,1900,100.00,64.69
20260629_204312_652813,web_search,0,terminate,1,37,2,4.876788,0.944707,1900,2937,1900,100.00,64.69
20260629_204312_652813,web_search,0,terminate,1,37,3,3.636428,0.946992,1900,2937,1900,100.00,64.69
20260629_204312_652813,web_search,0,terminate,1,37,4,6.541626,0.949054,1900,2937,1900,100.00,64.69
20260629_204312_652813,web_search,0,terminate,1,37,5,3.483971,0.961787,1900,2937,1900,100.00,64.69
20260629_204312_652813,web_search,0,terminate,1,37,6,5.299198,0.923328,1900,2937,1900,100.00,64.69
20260629_204312_652813,web_search,0,terminate,1,37,7,7.499675,0.974963,1900,2937,1900,100.00,64.69
20260629_204312_652813,web_search,0,terminate,1,38,0,7.152701,0.985539,1900,2937,1900,100.00,64.69
20260629_204312_652813,web_search,0,terminate,1,38,1,3.902993,0.940754,1900,2937,1900,100.00,64.69
20260629_204312_652813,web_search,0,terminate,1,38,2,3.420494,0.939847,1900,2937,1900,100.00,64.69
20260629_204312_652813,web_search,0,terminate,1,38,3,4.393753,0.944416,1900,2937,1900,100.00,64.69
20260629_204312_652813,web_search,0,terminate,1,38,4,3.851605,0.941815,1900,2937,1900,100.00,64.69
20260629_204312_652813,web_search,0,terminate,1,38,5,4.202788,0.918429,1900,2937,1900,100.00,64.69
20260629_204312_652813,web_search,0,terminate,1,38,6,4.981096,0.983635,1900,2937,1900,100.00,64.69
20260629_204312_652813,web_search,0,terminate,1,38,7,4.000203,0.955409,1900,2937,1900,100.00,64.69
20260629_204312_652813,web_search,0,terminate,1,39,0,3.417666,0.953538,1900,2937,1900,100.00,64.69
20260629_204312_652813,web_search,0,terminate,1,39,1,3.841548,0.902258,1900,2937,1900,100.00,64.69
20260629_204312_652813,web_search,0,terminate,1,39,2,5.041273,0.939690,1900,2937,1900,100.00,64.69
20260629_204312_652813,web_search,0,terminate,1,39,3,3.289755,0.925143,1900,2937,1900,100.00,64.69
20260629_204312_652813,web_search,0,terminate,1,39,4,4.140997,0.933290,1900,2937,1900,100.00,64.69
20260629_204312_652813,web_search,0,terminate,1,39,5,6.073402,0.975584,1900,2937,1900,100.00,64.69
20260629_204312_652813,web_search,0,terminate,1,39,6,2.954543,0.895121,1900,2937,1900,100.00,64.69
20260629_204312_652813,web_search,0,terminate,1,39,7,5.319253,0.969824,1900,2937,1900,100.00,64.69
20260629_204312_652813,web_search,0,terminate,2,0,0,0.008578,0.986060,1900,3641,1900,100.00,52.18
20260629_204312_652813,web_search,0,terminate,2,0,1,0.010232,0.997028,1900,3641,1900,100.00,52.18
20260629_204312_652813,web_search,0,terminate,2,0,2,0.011270,0.995460,1900,3641,1900,100.00,52.18
20260629_204312_652813,web_search,0,terminate,2,0,3,0.011638,0.992565,1900,3641,1900,100.00,52.18
20260629_204312_652813,web_search,0,terminate,2,0,4,0.009060,0.999501,1900,3641,1900,100.00,52.18
20260629_204312_652813,web_search,0,terminate,2,0,5,0.007366,0.985573,1900,3641,1900,100.00,52.18
20260629_204312_652813,web_search,0,terminate,2,0,6,0.007663,0.992024,1900,3641,1900,100.00,52.18
20260629_204312_652813,web_search,0,terminate,2,0,7,0.010902,0.996650,1900,3641,1900,100.00,52.18
20260629_204312_652813,web_search,0,terminate,2,1,0,0.018528,0.996501,1900,3641,1900,100.00,52.18
20260629_204312_652813,web_search,0,terminate,2,1,1,0.012673,0.998072,1900,3641,1900,100.00,52.18
20260629_204312_652813,web_search,0,terminate,2,1,2,0.012359,0.978152,1900,3641,1900,100.00,52.18
20260629_204312_652813,web_search,0,terminate,2,1,3,0.018147,0.992529,1900,3641,1900,100.00,52.18
20260629_204312_652813,web_search,0,terminate,2,1,4,0.015019,0.991221,1900,3641,1900,100.00,52.18
20260629_204312_652813,web_search,0,terminate,2,1,5,0.013205,0.995758,1900,3641,1900,100.00,52.18
20260629_204312_652813,web_search,0,terminate,2,1,6,0.016226,0.977524,1900,3641,1900,100.00,52.18
20260629_204312_652813,web_search,0,terminate,2,1,7,0.018127,0.999127,1900,3641,1900,100.00,52.18
20260629_204312_652813,web_search,0,terminate,2,2,0,0.045970,0.951076,1900,3641,1900,100.00,52.18
20260629_204312_652813,web_search,0,terminate,2,2,1,0.026373,0.975123,1900,3641,1900,100.00,52.18
20260629_204312_652813,web_search,0,terminate,2,2,2,0.021984,0.947950,1900,3641,1900,100.00,52.18
20260629_204312_652813,web_search,0,terminate,2,2,3,0.024059,0.968041,1900,3641,1900,100.00,52.18
20260629_204312_652813,web_search,0,terminate,2,2,4,0.027352,0.991858,1900,3641,1900,100.00,52.18
20260629_204312_652813,web_search,0,terminate,2,2,5,0.025685,0.962643,1900,3641,1900,100.00,52.18
20260629_204312_652813,web_search,0,terminate,2,2,6,0.022824,0.961301,1900,3641,1900,100.00,52.18
20260629_204312_652813,web_search,0,terminate,2,2,7,0.031119,0.968222,1900,3641,1900,100.00,52.18
20260629_204312_652813,web_search,0,terminate,2,3,0,0.050221,0.961172,1900,3641,1900,100.00,52.18
20260629_204312_652813,web_search,0,terminate,2,3,1,0.026182,0.985753,1900,3641,1900,100.00,52.18
20260629_204312_652813,web_search,0,terminate,2,3,2,0.039886,0.933860,1900,3641,1900,100.00,52.18
20260629_204312_652813,web_search,0,terminate,2,3,3,0.038960,0.956544,1900,3641,1900,100.00,52.18
20260629_204312_652813,web_search,0,terminate,2,3,4,0.036822,0.927235,1900,3641,1900,100.00,52.18
20260629_204312_652813,web_search,0,terminate,2,3,5,0.034133,0.973178,1900,3641,1900,100.00,52.18
20260629_204312_652813,web_search,0,terminate,2,3,6,0.028781,0.960681,1900,3641,1900,100.00,52.18
20260629_204312_652813,web_search,0,terminate,2,3,7,0.047037,0.914583,1900,3641,1900,100.00,52.18
20260629_204312_652813,web_search,0,terminate,2,4,0,0.056260,0.954394,1900,3641,1900,100.00,52.18
20260629_204312_652813,web_search,0,terminate,2,4,1,0.044885,0.957488,1900,3641,1900,100.00,52.18
20260629_204312_652813,web_search,0,terminate,2,4,2,0.045392,0.996248,1900,3641,1900,100.00,52.18
20260629_204312_652813,web_search,0,terminate,2,4,3,0.042765,0.942186,1900,3641,1900,100.00,52.18
20260629_204312_652813,web_search,0,terminate,2,4,4,0.056025,0.936613,1900,3641,1900,100.00,52.18
20260629_204312_652813,web_search,0,terminate,2,4,5,0.038250,0.977249,1900,3641,1900,100.00,52.18
20260629_204312_652813,web_search,0,terminate,2,4,6,0.035518,0.951433,1900,3641,1900,100.00,52.18
20260629_204312_652813,web_search,0,terminate,2,4,7,0.033538,0.964955,1900,3641,1900,100.00,52.18
20260629_204312_652813,web_search,0,terminate,2,5,0,0.081066,0.987486,1900,3641,1900,100.00,52.18
20260629_204312_652813,web_search,0,terminate,2,5,1,0.052195,0.976898,1900,3641,1900,100.00,52.18
20260629_204312_652813,web_search,0,terminate,2,5,2,0.038452,0.963636,1900,3641,1900,100.00,52.18
20260629_204312_652813,web_search,0,terminate,2,5,3,0.083298,0.988475,1900,3641,1900,100.00,52.18
20260629_204312_652813,web_search,0,terminate,2,5,4,0.043185,0.995920,1900,3641,1900,100.00,52.18
20260629_204312_652813,web_search,0,terminate,2,5,5,0.042536,0.974739,1900,3641,1900,100.00,52.18
20260629_204312_652813,web_search,0,terminate,2,5,6,0.071083,0.967790,1900,3641,1900,100.00,52.18
20260629_204312_652813,web_search,0,terminate,2,5,7,0.057813,0.967106,1900,3641,1900,100.00,52.18
20260629_204312_652813,web_search,0,terminate,2,6,0,0.130726,0.899972,1900,3641,1900,100.00,52.18
20260629_204312_652813,web_search,0,terminate,2,6,1,0.092428,0.968323,1900,3641,1900,100.00,52.18
20260629_204312_652813,web_search,0,terminate,2,6,2,0.141745,0.739176,1900,3641,1900,100.00,52.18
20260629_204312_652813,web_search,0,terminate,2,6,3,0.061099,0.864444,1900,3641,1900,100.00,52.18
20260629_204312_652813,web_search,0,terminate,2,6,4,0.065580,0.964799,1900,3641,1900,100.00,52.18
20260629_204312_652813,web_search,0,terminate,2,6,5,0.108359,0.944159,1900,3641,1900,100.00,52.18
20260629_204312_652813,web_search,0,terminate,2,6,6,0.105354,0.939253,1900,3641,1900,100.00,52.18
20260629_204312_652813,web_search,0,terminate,2,6,7,0.069191,0.946227,1900,3641,1900,100.00,52.18
20260629_204312_652813,web_search,0,terminate,2,7,0,0.193731,0.970329,1900,3641,1900,100.00,52.18
20260629_204312_652813,web_search,0,terminate,2,7,1,0.135609,0.948208,1900,3641,1900,100.00,52.18
20260629_204312_652813,web_search,0,terminate,2,7,2,0.145918,0.985468,1900,3641,1900,100.00,52.18
20260629_204312_652813,web_search,0,terminate,2,7,3,0.110203,0.916416,1900,3641,1900,100.00,52.18
20260629_204312_652813,web_search,0,terminate,2,7,4,0.144941,0.973847,1900,3641,1900,100.00,52.18
20260629_204312_652813,web_search,0,terminate,2,7,5,0.096971,0.941735,1900,3641,1900,100.00,52.18
20260629_204312_652813,web_search,0,terminate,2,7,6,0.230230,0.927122,1900,3641,1900,100.00,52.18
20260629_204312_652813,web_search,0,terminate,2,7,7,0.165979,0.969733,1900,3641,1900,100.00,52.18
20260629_204312_652813,web_search,0,terminate,2,8,0,0.204022,0.968697,1900,3641,1900,100.00,52.18
20260629_204312_652813,web_search,0,terminate,2,8,1,0.300447,0.866545,1900,3641,1900,100.00,52.18
20260629_204312_652813,web_search,0,terminate,2,8,2,0.189172,0.976549,1900,3641,1900,100.00,52.18
20260629_204312_652813,web_search,0,terminate,2,8,3,0.202033,0.953002,1900,3641,1900,100.00,52.18
20260629_204312_652813,web_search,0,terminate,2,8,4,0.294412,0.913136,1900,3641,1900,100.00,52.18
20260629_204312_652813,web_search,0,terminate,2,8,5,0.139080,0.968919,1900,3641,1900,100.00,52.18
20260629_204312_652813,web_search,0,terminate,2,8,6,0.122460,0.978356,1900,3641,1900,100.00,52.18
20260629_204312_652813,web_search,0,terminate,2,8,7,0.163103,0.966898,1900,3641,1900,100.00,52.18
20260629_204312_652813,web_search,0,terminate,2,9,0,0.186432,0.967769,1900,3641,1900,100.00,52.18
20260629_204312_652813,web_search,0,terminate,2,9,1,0.142673,0.982096,1900,3641,1900,100.00,52.18
20260629_204312_652813,web_search,0,terminate,2,9,2,0.180513,0.961556,1900,3641,1900,100.00,52.18
20260629_204312_652813,web_search,0,terminate,2,9,3,0.148013,0.974728,1900,3641,1900,100.00,52.18
20260629_204312_652813,web_search,0,terminate,2,9,4,0.148196,0.966839,1900,3641,1900,100.00,52.18
20260629_204312_652813,web_search,0,terminate,2,9,5,0.109178,0.952064,1900,3641,1900,100.00,52.18
20260629_204312_652813,web_search,0,terminate,2,9,6,0.133324,0.960589,1900,3641,1900,100.00,52.18
20260629_204312_652813,web_search,0,terminate,2,9,7,0.237775,0.951459,1900,3641,1900,100.00,52.18
20260629_204312_652813,web_search,0,terminate,2,10,0,0.175570,0.979587,1900,3641,1900,100.00,52.18
20260629_204312_652813,web_search,0,terminate,2,10,1,0.251917,0.869111,1900,3641,1900,100.00,52.18
20260629_204312_652813,web_search,0,terminate,2,10,2,0.122523,0.965692,1900,3641,1900,100.00,52.18
20260629_204312_652813,web_search,0,terminate,2,10,3,0.139178,0.895556,1900,3641,1900,100.00,52.18
20260629_204312_652813,web_search,0,terminate,2,10,4,0.185512,0.969399,1900,3641,1900,100.00,52.18
20260629_204312_652813,web_search,0,terminate,2,10,5,0.214451,0.976186,1900,3641,1900,100.00,52.18
20260629_204312_652813,web_search,0,terminate,2,10,6,0.273023,0.829812,1900,3641,1900,100.00,52.18
20260629_204312_652813,web_search,0,terminate,2,10,7,0.331394,0.896532,1900,3641,1900,100.00,52.18
20260629_204312_652813,web_search,0,terminate,2,11,0,0.165257,0.936114,1900,3641,1900,100.00,52.18
20260629_204312_652813,web_search,0,terminate,2,11,1,0.358857,0.887224,1900,3641,1900,100.00,52.18
20260629_204312_652813,web_search,0,terminate,2,11,2,0.181284,0.946973,1900,3641,1900,100.00,52.18
20260629_204312_652813,web_search,0,terminate,2,11,3,0.219182,0.928846,1900,3641,1900,100.00,52.18
20260629_204312_652813,web_search,0,terminate,2,11,4,0.350459,0.891251,1900,3641,1900,100.00,52.18
20260629_204312_652813,web_search,0,terminate,2,11,5,0.137444,0.939644,1900,3641,1900,100.00,52.18
20260629_204312_652813,web_search,0,terminate,2,11,6,0.167093,0.959142,1900,3641,1900,100.00,52.18
20260629_204312_652813,web_search,0,terminate,2,11,7,0.239586,0.905767,1900,3641,1900,100.00,52.18
20260629_204312_652813,web_search,0,terminate,2,12,0,0.301833,0.925180,1900,3641,1900,100.00,52.18
20260629_204312_652813,web_search,0,terminate,2,12,1,0.224206,0.925957,1900,3641,1900,100.00,52.18
20260629_204312_652813,web_search,0,terminate,2,12,2,0.361189,0.972603,1900,3641,1900,100.00,52.18
20260629_204312_652813,web_search,0,terminate,2,12,3,0.297219,0.937634,1900,3641,1900,100.00,52.18
20260629_204312_652813,web_search,0,terminate,2,12,4,0.206962,0.961232,1900,3641,1900,100.00,52.18
20260629_204312_652813,web_search,0,terminate,2,12,5,0.275840,0.910516,1900,3641,1900,100.00,52.18
20260629_204312_652813,web_search,0,terminate,2,12,6,0.201768,0.949337,1900,3641,1900,100.00,52.18
20260629_204312_652813,web_search,0,terminate,2,12,7,0.239731,0.926747,1900,3641,1900,100.00,52.18
20260629_204312_652813,web_search,0,terminate,2,13,0,0.382316,0.961504,1900,3641,1900,100.00,52.18
20260629_204312_652813,web_search,0,terminate,2,13,1,0.288568,0.961164,1900,3641,1900,100.00,52.18
20260629_204312_652813,web_search,0,terminate,2,13,2,0.362732,0.969257,1900,3641,1900,100.00,52.18
20260629_204312_652813,web_search,0,terminate,2,13,3,0.392970,0.931141,1900,3641,1900,100.00,52.18
20260629_204312_652813,web_search,0,terminate,2,13,4,0.289544,0.910109,1900,3641,1900,100.00,52.18
20260629_204312_652813,web_search,0,terminate,2,13,5,0.275446,0.881281,1900,3641,1900,100.00,52.18
20260629_204312_652813,web_search,0,terminate,2,13,6,0.374652,0.975252,1900,3641,1900,100.00,52.18
20260629_204312_652813,web_search,0,terminate,2,13,7,0.343487,0.917401,1900,3641,1900,100.00,52.18
20260629_204312_652813,web_search,0,terminate,2,14,0,0.235247,0.923578,1900,3641,1900,100.00,52.18
20260629_204312_652813,web_search,0,terminate,2,14,1,0.252962,0.884052,1900,3641,1900,100.00,52.18
20260629_204312_652813,web_search,0,terminate,2,14,2,0.254621,0.975011,1900,3641,1900,100.00,52.18
20260629_204312_652813,web_search,0,terminate,2,14,3,0.366002,0.955096,1900,3641,1900,100.00,52.18
20260629_204312_652813,web_search,0,terminate,2,14,4,0.587205,0.970607,1900,3641,1900,100.00,52.18
20260629_204312_652813,web_search,0,terminate,2,14,5,0.397552,0.933263,1900,3641,1900,100.00,52.18
20260629_204312_652813,web_search,0,terminate,2,14,6,0.354957,0.971100,1900,3641,1900,100.00,52.18
20260629_204312_652813,web_search,0,terminate,2,14,7,0.224679,0.969520,1900,3641,1900,100.00,52.18
20260629_204312_652813,web_search,0,terminate,2,15,0,0.437648,0.944975,1900,3641,1900,100.00,52.18
20260629_204312_652813,web_search,0,terminate,2,15,1,0.310361,0.972016,1900,3641,1900,100.00,52.18
20260629_204312_652813,web_search,0,terminate,2,15,2,0.309615,0.953938,1900,3641,1900,100.00,52.18
20260629_204312_652813,web_search,0,terminate,2,15,3,0.377788,0.926895,1900,3641,1900,100.00,52.18
20260629_204312_652813,web_search,0,terminate,2,15,4,0.494045,0.954774,1900,3641,1900,100.00,52.18
20260629_204312_652813,web_search,0,terminate,2,15,5,0.575255,0.919661,1900,3641,1900,100.00,52.18
20260629_204312_652813,web_search,0,terminate,2,15,6,0.323020,0.962839,1900,3641,1900,100.00,52.18
20260629_204312_652813,web_search,0,terminate,2,15,7,0.298313,0.965788,1900,3641,1900,100.00,52.18
20260629_204312_652813,web_search,0,terminate,2,16,0,0.493848,0.911821,1900,3641,1900,100.00,52.18
20260629_204312_652813,web_search,0,terminate,2,16,1,0.879607,0.843140,1900,3641,1900,100.00,52.18
20260629_204312_652813,web_search,0,terminate,2,16,2,0.418755,0.943703,1900,3641,1900,100.00,52.18
20260629_204312_652813,web_search,0,terminate,2,16,3,0.374312,0.909939,1900,3641,1900,100.00,52.18
20260629_204312_652813,web_search,0,terminate,2,16,4,0.413598,0.958136,1900,3641,1900,100.00,52.18
20260629_204312_652813,web_search,0,terminate,2,16,5,0.381894,0.954672,1900,3641,1900,100.00,52.18
20260629_204312_652813,web_search,0,terminate,2,16,6,0.370994,0.954158,1900,3641,1900,100.00,52.18
20260629_204312_652813,web_search,0,terminate,2,16,7,0.410001,0.969966,1900,3641,1900,100.00,52.18
20260629_204312_652813,web_search,0,terminate,2,17,0,0.515409,0.944355,1900,3641,1900,100.00,52.18
20260629_204312_652813,web_search,0,terminate,2,17,1,0.473177,0.927289,1900,3641,1900,100.00,52.18
20260629_204312_652813,web_search,0,terminate,2,17,2,0.479442,0.918117,1900,3641,1900,100.00,52.18
20260629_204312_652813,web_search,0,terminate,2,17,3,0.731447,0.917186,1900,3641,1900,100.00,52.18
20260629_204312_652813,web_search,0,terminate,2,17,4,0.351880,0.954907,1900,3641,1900,100.00,52.18
20260629_204312_652813,web_search,0,terminate,2,17,5,0.533202,0.924369,1900,3641,1900,100.00,52.18
20260629_204312_652813,web_search,0,terminate,2,17,6,0.438401,0.959918,1900,3641,1900,100.00,52.18
20260629_204312_652813,web_search,0,terminate,2,17,7,0.420638,0.950477,1900,3641,1900,100.00,52.18
20260629_204312_652813,web_search,0,terminate,2,18,0,0.864576,0.939293,1900,3641,1900,100.00,52.18
20260629_204312_652813,web_search,0,terminate,2,18,1,0.406970,0.925161,1900,3641,1900,100.00,52.18
20260629_204312_652813,web_search,0,terminate,2,18,2,0.674957,0.917084,1900,3641,1900,100.00,52.18
20260629_204312_652813,web_search,0,terminate,2,18,3,0.498472,0.966623,1900,3641,1900,100.00,52.18
20260629_204312_652813,web_search,0,terminate,2,18,4,0.471008,0.928990,1900,3641,1900,100.00,52.18
20260629_204312_652813,web_search,0,terminate,2,18,5,0.443926,0.961077,1900,3641,1900,100.00,52.18
20260629_204312_652813,web_search,0,terminate,2,18,6,0.463963,0.914380,1900,3641,1900,100.00,52.18
20260629_204312_652813,web_search,0,terminate,2,18,7,0.576765,0.923243,1900,3641,1900,100.00,52.18
20260629_204312_652813,web_search,0,terminate,2,19,0,0.633752,0.876496,1900,3641,1900,100.00,52.18
20260629_204312_652813,web_search,0,terminate,2,19,1,1.039631,0.835379,1900,3641,1900,100.00,52.18
20260629_204312_652813,web_search,0,terminate,2,19,2,0.423882,0.907971,1900,3641,1900,100.00,52.18
20260629_204312_652813,web_search,0,terminate,2,19,3,0.550619,0.944153,1900,3641,1900,100.00,52.18
20260629_204312_652813,web_search,0,terminate,2,19,4,0.639975,0.948407,1900,3641,1900,100.00,52.18
20260629_204312_652813,web_search,0,terminate,2,19,5,0.945992,0.845285,1900,3641,1900,100.00,52.18
20260629_204312_652813,web_search,0,terminate,2,19,6,0.435111,0.919880,1900,3641,1900,100.00,52.18
20260629_204312_652813,web_search,0,terminate,2,19,7,0.782640,0.924513,1900,3641,1900,100.00,52.18
20260629_204312_652813,web_search,0,terminate,2,20,0,1.084891,0.839612,1900,3641,1900,100.00,52.18
20260629_204312_652813,web_search,0,terminate,2,20,1,0.628372,0.935881,1900,3641,1900,100.00,52.18
20260629_204312_652813,web_search,0,terminate,2,20,2,0.861665,0.904799,1900,3641,1900,100.00,52.18
20260629_204312_652813,web_search,0,terminate,2,20,3,0.896144,0.877045,1900,3641,1900,100.00,52.18
20260629_204312_652813,web_search,0,terminate,2,20,4,0.826023,0.893417,1900,3641,1900,100.00,52.18
20260629_204312_652813,web_search,0,terminate,2,20,5,0.573423,0.926814,1900,3641,1900,100.00,52.18
20260629_204312_652813,web_search,0,terminate,2,20,6,1.165425,0.909281,1900,3641,1900,100.00,52.18
20260629_204312_652813,web_search,0,terminate,2,20,7,0.602250,0.953329,1900,3641,1900,100.00,52.18
20260629_204312_652813,web_search,0,terminate,2,21,0,0.687628,0.970676,1900,3641,1900,100.00,52.18
20260629_204312_652813,web_search,0,terminate,2,21,1,0.825530,0.975050,1900,3641,1900,100.00,52.18
20260629_204312_652813,web_search,0,terminate,2,21,2,0.719982,0.962229,1900,3641,1900,100.00,52.18
20260629_204312_652813,web_search,0,terminate,2,21,3,0.557672,0.905274,1900,3641,1900,100.00,52.18
20260629_204312_652813,web_search,0,terminate,2,21,4,0.525153,0.938753,1900,3641,1900,100.00,52.18
20260629_204312_652813,web_search,0,terminate,2,21,5,1.151228,0.917613,1900,3641,1900,100.00,52.18
20260629_204312_652813,web_search,0,terminate,2,21,6,0.524585,0.927985,1900,3641,1900,100.00,52.18
20260629_204312_652813,web_search,0,terminate,2,21,7,0.563302,0.909120,1900,3641,1900,100.00,52.18
20260629_204312_652813,web_search,0,terminate,2,22,0,0.977136,0.831709,1900,3641,1900,100.00,52.18
20260629_204312_652813,web_search,0,terminate,2,22,1,0.472758,0.909701,1900,3641,1900,100.00,52.18
20260629_204312_652813,web_search,0,terminate,2,22,2,1.073312,0.838645,1900,3641,1900,100.00,52.18
20260629_204312_652813,web_search,0,terminate,2,22,3,0.824856,0.942667,1900,3641,1900,100.00,52.18
20260629_204312_652813,web_search,0,terminate,2,22,4,0.782580,0.934105,1900,3641,1900,100.00,52.18
20260629_204312_652813,web_search,0,terminate,2,22,5,0.775815,0.937271,1900,3641,1900,100.00,52.18
20260629_204312_652813,web_search,0,terminate,2,22,6,0.491662,0.941844,1900,3641,1900,100.00,52.18
20260629_204312_652813,web_search,0,terminate,2,22,7,0.935309,0.947698,1900,3641,1900,100.00,52.18
20260629_204312_652813,web_search,0,terminate,2,23,0,0.985428,0.878238,1900,3641,1900,100.00,52.18
20260629_204312_652813,web_search,0,terminate,2,23,1,0.886056,0.943656,1900,3641,1900,100.00,52.18
20260629_204312_652813,web_search,0,terminate,2,23,2,0.787915,0.922609,1900,3641,1900,100.00,52.18
20260629_204312_652813,web_search,0,terminate,2,23,3,0.631807,0.931637,1900,3641,1900,100.00,52.18
20260629_204312_652813,web_search,0,terminate,2,23,4,0.875539,0.863654,1900,3641,1900,100.00,52.18
20260629_204312_652813,web_search,0,terminate,2,23,5,0.809179,0.907127,1900,3641,1900,100.00,52.18
20260629_204312_652813,web_search,0,terminate,2,23,6,0.720981,0.950111,1900,3641,1900,100.00,52.18
20260629_204312_652813,web_search,0,terminate,2,23,7,0.810373,0.902595,1900,3641,1900,100.00,52.18
20260629_204312_652813,web_search,0,terminate,2,24,0,0.915580,0.968598,1900,3641,1900,100.00,52.18
20260629_204312_652813,web_search,0,terminate,2,24,1,0.787185,0.959293,1900,3641,1900,100.00,52.18
20260629_204312_652813,web_search,0,terminate,2,24,2,0.754756,0.953939,1900,3641,1900,100.00,52.18
20260629_204312_652813,web_search,0,terminate,2,24,3,0.801609,0.923292,1900,3641,1900,100.00,52.18
20260629_204312_652813,web_search,0,terminate,2,24,4,0.854077,0.951307,1900,3641,1900,100.00,52.18
20260629_204312_652813,web_search,0,terminate,2,24,5,0.942417,0.869486,1900,3641,1900,100.00,52.18
20260629_204312_652813,web_search,0,terminate,2,24,6,1.111491,0.879845,1900,3641,1900,100.00,52.18
20260629_204312_652813,web_search,0,terminate,2,24,7,0.833095,0.914504,1900,3641,1900,100.00,52.18
20260629_204312_652813,web_search,0,terminate,2,25,0,0.747752,0.907798,1900,3641,1900,100.00,52.18
20260629_204312_652813,web_search,0,terminate,2,25,1,0.998403,0.943595,1900,3641,1900,100.00,52.18
20260629_204312_652813,web_search,0,terminate,2,25,2,1.538266,0.863092,1900,3641,1900,100.00,52.18
20260629_204312_652813,web_search,0,terminate,2,25,3,0.832146,0.868455,1900,3641,1900,100.00,52.18
20260629_204312_652813,web_search,0,terminate,2,25,4,1.323469,0.926163,1900,3641,1900,100.00,52.18
20260629_204312_652813,web_search,0,terminate,2,25,5,0.852081,0.935883,1900,3641,1900,100.00,52.18
20260629_204312_652813,web_search,0,terminate,2,25,6,0.995283,0.907840,1900,3641,1900,100.00,52.18
20260629_204312_652813,web_search,0,terminate,2,25,7,0.777854,0.942716,1900,3641,1900,100.00,52.18
20260629_204312_652813,web_search,0,terminate,2,26,0,1.429207,0.828094,1900,3641,1900,100.00,52.18
20260629_204312_652813,web_search,0,terminate,2,26,1,1.276477,0.945893,1900,3641,1900,100.00,52.18
20260629_204312_652813,web_search,0,terminate,2,26,2,0.731973,0.956768,1900,3641,1900,100.00,52.18
20260629_204312_652813,web_search,0,terminate,2,26,3,0.919308,0.952418,1900,3641,1900,100.00,52.18
20260629_204312_652813,web_search,0,terminate,2,26,4,0.853363,0.953550,1900,3641,1900,100.00,52.18
20260629_204312_652813,web_search,0,terminate,2,26,5,0.690076,0.923114,1900,3641,1900,100.00,52.18
20260629_204312_652813,web_search,0,terminate,2,26,6,1.304261,0.933050,1900,3641,1900,100.00,52.18
20260629_204312_652813,web_search,0,terminate,2,26,7,0.783952,0.957130,1900,3641,1900,100.00,52.18
20260629_204312_652813,web_search,0,terminate,2,27,0,1.294428,0.954300,1900,3641,1900,100.00,52.18
20260629_204312_652813,web_search,0,terminate,2,27,1,2.036303,0.885661,1900,3641,1900,100.00,52.18
20260629_204312_652813,web_search,0,terminate,2,27,2,2.140423,0.839548,1900,3641,1900,100.00,52.18
20260629_204312_652813,web_search,0,terminate,2,27,3,1.117686,0.935168,1900,3641,1900,100.00,52.18
20260629_204312_652813,web_search,0,terminate,2,27,4,1.248732,0.916292,1900,3641,1900,100.00,52.18
20260629_204312_652813,web_search,0,terminate,2,27,5,0.921545,0.908803,1900,3641,1900,100.00,52.18
20260629_204312_652813,web_search,0,terminate,2,27,6,0.766218,0.971244,1900,3641,1900,100.00,52.18
20260629_204312_652813,web_search,0,terminate,2,27,7,1.896282,0.880988,1900,3641,1900,100.00,52.18
20260629_204312_652813,web_search,0,terminate,2,28,0,0.887331,0.956261,1900,3641,1900,100.00,52.18
20260629_204312_652813,web_search,0,terminate,2,28,1,0.926936,0.956150,1900,3641,1900,100.00,52.18
20260629_204312_652813,web_search,0,terminate,2,28,2,1.107044,0.934457,1900,3641,1900,100.00,52.18
20260629_204312_652813,web_search,0,terminate,2,28,3,1.352475,0.842554,1900,3641,1900,100.00,52.18
20260629_204312_652813,web_search,0,terminate,2,28,4,1.097007,0.956637,1900,3641,1900,100.00,52.18
20260629_204312_652813,web_search,0,terminate,2,28,5,1.521625,0.951889,1900,3641,1900,100.00,52.18
20260629_204312_652813,web_search,0,terminate,2,28,6,1.092499,0.955286,1900,3641,1900,100.00,52.18
20260629_204312_652813,web_search,0,terminate,2,28,7,1.140059,0.893063,1900,3641,1900,100.00,52.18
20260629_204312_652813,web_search,0,terminate,2,29,0,1.285310,0.928509,1900,3641,1900,100.00,52.18
20260629_204312_652813,web_search,0,terminate,2,29,1,1.591808,0.906813,1900,3641,1900,100.00,52.18
20260629_204312_652813,web_search,0,terminate,2,29,2,1.213753,0.880050,1900,3641,1900,100.00,52.18
20260629_204312_652813,web_search,0,terminate,2,29,3,2.211127,0.959582,1900,3641,1900,100.00,52.18
20260629_204312_652813,web_search,0,terminate,2,29,4,1.557754,0.954764,1900,3641,1900,100.00,52.18
20260629_204312_652813,web_search,0,terminate,2,29,5,1.938526,0.933979,1900,3641,1900,100.00,52.18
20260629_204312_652813,web_search,0,terminate,2,29,6,1.372991,0.925617,1900,3641,1900,100.00,52.18
20260629_204312_652813,web_search,0,terminate,2,29,7,3.196679,0.930650,1900,3641,1900,100.00,52.18
20260629_204312_652813,web_search,0,terminate,2,30,0,1.486342,0.900157,1900,3641,1900,100.00,52.18
20260629_204312_652813,web_search,0,terminate,2,30,1,1.464555,0.955729,1900,3641,1900,100.00,52.18
20260629_204312_652813,web_search,0,terminate,2,30,2,1.550549,0.924207,1900,3641,1900,100.00,52.18
20260629_204312_652813,web_search,0,terminate,2,30,3,2.712408,0.956699,1900,3641,1900,100.00,52.18
20260629_204312_652813,web_search,0,terminate,2,30,4,2.133307,0.960509,1900,3641,1900,100.00,52.18
20260629_204312_652813,web_search,0,terminate,2,30,5,1.361685,0.934260,1900,3641,1900,100.00,52.18
20260629_204312_652813,web_search,0,terminate,2,30,6,1.895229,0.886293,1900,3641,1900,100.00,52.18
20260629_204312_652813,web_search,0,terminate,2,30,7,3.655533,0.908452,1900,3641,1900,100.00,52.18
20260629_204312_652813,web_search,0,terminate,2,31,0,1.740218,0.961104,1900,3641,1900,100.00,52.18
20260629_204312_652813,web_search,0,terminate,2,31,1,1.921223,0.961972,1900,3641,1900,100.00,52.18
20260629_204312_652813,web_search,0,terminate,2,31,2,1.414902,0.949441,1900,3641,1900,100.00,52.18
20260629_204312_652813,web_search,0,terminate,2,31,3,2.024007,0.950306,1900,3641,1900,100.00,52.18
20260629_204312_652813,web_search,0,terminate,2,31,4,1.616669,0.970225,1900,3641,1900,100.00,52.18
20260629_204312_652813,web_search,0,terminate,2,31,5,1.953130,0.887387,1900,3641,1900,100.00,52.18
20260629_204312_652813,web_search,0,terminate,2,31,6,3.740075,0.885146,1900,3641,1900,100.00,52.18
20260629_204312_652813,web_search,0,terminate,2,31,7,2.591504,0.897377,1900,3641,1900,100.00,52.18
20260629_204312_652813,web_search,0,terminate,2,32,0,2.372643,0.951180,1900,3641,1900,100.00,52.18
20260629_204312_652813,web_search,0,terminate,2,32,1,1.870792,0.905499,1900,3641,1900,100.00,52.18
20260629_204312_652813,web_search,0,terminate,2,32,2,1.817661,0.908505,1900,3641,1900,100.00,52.18
20260629_204312_652813,web_search,0,terminate,2,32,3,2.109417,0.953425,1900,3641,1900,100.00,52.18
20260629_204312_652813,web_search,0,terminate,2,32,4,5.427251,0.940144,1900,3641,1900,100.00,52.18
20260629_204312_652813,web_search,0,terminate,2,32,5,2.088911,0.930569,1900,3641,1900,100.00,52.18
20260629_204312_652813,web_search,0,terminate,2,32,6,3.105597,0.948186,1900,3641,1900,100.00,52.18
20260629_204312_652813,web_search,0,terminate,2,32,7,4.314088,0.907458,1900,3641,1900,100.00,52.18
20260629_204312_652813,web_search,0,terminate,2,33,0,2.485244,0.924136,1900,3641,1900,100.00,52.18
20260629_204312_652813,web_search,0,terminate,2,33,1,1.753237,0.954241,1900,3641,1900,100.00,52.18
20260629_204312_652813,web_search,0,terminate,2,33,2,2.621055,0.931066,1900,3641,1900,100.00,52.18
20260629_204312_652813,web_search,0,terminate,2,33,3,2.527416,0.947295,1900,3641,1900,100.00,52.18
20260629_204312_652813,web_search,0,terminate,2,33,4,2.494955,0.916216,1900,3641,1900,100.00,52.18
20260629_204312_652813,web_search,0,terminate,2,33,5,2.474495,0.953748,1900,3641,1900,100.00,52.18
20260629_204312_652813,web_search,0,terminate,2,33,6,2.405028,0.920130,1900,3641,1900,100.00,52.18
20260629_204312_652813,web_search,0,terminate,2,33,7,2.744893,0.946568,1900,3641,1900,100.00,52.18
20260629_204312_652813,web_search,0,terminate,2,34,0,5.147982,0.926364,1900,3641,1900,100.00,52.18
20260629_204312_652813,web_search,0,terminate,2,34,1,2.307892,0.935680,1900,3641,1900,100.00,52.18
20260629_204312_652813,web_search,0,terminate,2,34,2,2.511823,0.958063,1900,3641,1900,100.00,52.18
20260629_204312_652813,web_search,0,terminate,2,34,3,2.742873,0.960197,1900,3641,1900,100.00,52.18
20260629_204312_652813,web_search,0,terminate,2,34,4,4.174871,0.921539,1900,3641,1900,100.00,52.18
20260629_204312_652813,web_search,0,terminate,2,34,5,3.183956,0.914528,1900,3641,1900,100.00,52.18
20260629_204312_652813,web_search,0,terminate,2,34,6,3.179515,0.916549,1900,3641,1900,100.00,52.18
20260629_204312_652813,web_search,0,terminate,2,34,7,2.684257,0.944645,1900,3641,1900,100.00,52.18
20260629_204312_652813,web_search,0,terminate,2,35,0,2.959951,0.965736,1900,3641,1900,100.00,52.18
20260629_204312_652813,web_search,0,terminate,2,35,1,3.421546,0.907415,1900,3641,1900,100.00,52.18
20260629_204312_652813,web_search,0,terminate,2,35,2,3.185977,0.941304,1900,3641,1900,100.00,52.18
20260629_204312_652813,web_search,0,terminate,2,35,3,2.477623,0.955132,1900,3641,1900,100.00,52.18
20260629_204312_652813,web_search,0,terminate,2,35,4,3.349333,0.961528,1900,3641,1900,100.00,52.18
20260629_204312_652813,web_search,0,terminate,2,35,5,4.032412,0.946192,1900,3641,1900,100.00,52.18
20260629_204312_652813,web_search,0,terminate,2,35,6,3.193349,0.957101,1900,3641,1900,100.00,52.18
20260629_204312_652813,web_search,0,terminate,2,35,7,3.860528,0.935146,1900,3641,1900,100.00,52.18
20260629_204312_652813,web_search,0,terminate,2,36,0,3.532888,0.961097,1900,3641,1900,100.00,52.18
20260629_204312_652813,web_search,0,terminate,2,36,1,7.963820,0.966660,1900,3641,1900,100.00,52.18
20260629_204312_652813,web_search,0,terminate,2,36,2,3.536931,0.914258,1900,3641,1900,100.00,52.18
20260629_204312_652813,web_search,0,terminate,2,36,3,4.106258,0.923686,1900,3641,1900,100.00,52.18
20260629_204312_652813,web_search,0,terminate,2,36,4,3.943713,0.948170,1900,3641,1900,100.00,52.18
20260629_204312_652813,web_search,0,terminate,2,36,5,3.012727,0.955295,1900,3641,1900,100.00,52.18
20260629_204312_652813,web_search,0,terminate,2,36,6,5.075178,0.954561,1900,3641,1900,100.00,52.18
20260629_204312_652813,web_search,0,terminate,2,36,7,3.052580,0.965734,1900,3641,1900,100.00,52.18
20260629_204312_652813,web_search,0,terminate,2,37,0,3.443424,0.944660,1900,3641,1900,100.00,52.18
20260629_204312_652813,web_search,0,terminate,2,37,1,3.429510,0.954488,1900,3641,1900,100.00,52.18
20260629_204312_652813,web_search,0,terminate,2,37,2,5.746954,0.922241,1900,3641,1900,100.00,52.18
20260629_204312_652813,web_search,0,terminate,2,37,3,3.979062,0.936000,1900,3641,1900,100.00,52.18
20260629_204312_652813,web_search,0,terminate,2,37,4,7.319887,0.935092,1900,3641,1900,100.00,52.18
20260629_204312_652813,web_search,0,terminate,2,37,5,4.112105,0.949733,1900,3641,1900,100.00,52.18
20260629_204312_652813,web_search,0,terminate,2,37,6,7.336243,0.871520,1900,3641,1900,100.00,52.18
20260629_204312_652813,web_search,0,terminate,2,37,7,10.208960,0.954366,1900,3641,1900,100.00,52.18
20260629_204312_652813,web_search,0,terminate,2,38,0,10.768408,0.967438,1900,3641,1900,100.00,52.18
20260629_204312_652813,web_search,0,terminate,2,38,1,4.062337,0.934957,1900,3641,1900,100.00,52.18
20260629_204312_652813,web_search,0,terminate,2,38,2,4.251496,0.910180,1900,3641,1900,100.00,52.18
20260629_204312_652813,web_search,0,terminate,2,38,3,4.767754,0.933816,1900,3641,1900,100.00,52.18
20260629_204312_652813,web_search,0,terminate,2,38,4,3.830482,0.942645,1900,3641,1900,100.00,52.18
20260629_204312_652813,web_search,0,terminate,2,38,5,5.054633,0.888830,1900,3641,1900,100.00,52.18
20260629_204312_652813,web_search,0,terminate,2,38,6,6.010352,0.977490,1900,3641,1900,100.00,52.18
20260629_204312_652813,web_search,0,terminate,2,38,7,3.813105,0.962281,1900,3641,1900,100.00,52.18
20260629_204312_652813,web_search,0,terminate,2,39,0,3.582694,0.948579,1900,3641,1900,100.00,52.18
20260629_204312_652813,web_search,0,terminate,2,39,1,4.533489,0.861612,1900,3641,1900,100.00,52.18
20260629_204312_652813,web_search,0,terminate,2,39,2,7.776947,0.898212,1900,3641,1900,100.00,52.18
20260629_204312_652813,web_search,0,terminate,2,39,3,4.625153,0.891832,1900,3641,1900,100.00,52.18
20260629_204312_652813,web_search,0,terminate,2,39,4,3.897472,0.941504,1900,3641,1900,100.00,52.18
20260629_204312_652813,web_search,0,terminate,2,39,5,9.667784,0.947079,1900,3641,1900,100.00,52.18
20260629_204312_652813,web_search,0,terminate,2,39,6,3.799004,0.858726,1900,3641,1900,100.00,52.18
20260629_204312_652813,web_search,0,terminate,2,39,7,8.325497,0.942751,1900,3641,1900,100.00,52.18
20260629_204312_652813,terminate,1,terminate,2,0,0,0.007090,0.990433,2937,3641,2937,100.00,80.66
20260629_204312_652813,terminate,1,terminate,2,0,1,0.012795,0.994881,2937,3641,2937,100.00,80.66
20260629_204312_652813,terminate,1,terminate,2,0,2,0.008989,0.997079,2937,3641,2937,100.00,80.66
20260629_204312_652813,terminate,1,terminate,2,0,3,0.009549,0.994952,2937,3641,2937,100.00,80.66
20260629_204312_652813,terminate,1,terminate,2,0,4,0.008355,0.999545,2937,3641,2937,100.00,80.66
20260629_204312_652813,terminate,1,terminate,2,0,5,0.007038,0.986355,2937,3641,2937,100.00,80.66
20260629_204312_652813,terminate,1,terminate,2,0,6,0.008023,0.990735,2937,3641,2937,100.00,80.66
20260629_204312_652813,terminate,1,terminate,2,0,7,0.006690,0.998722,2937,3641,2937,100.00,80.66
20260629_204312_652813,terminate,1,terminate,2,1,0,0.018879,0.996024,2937,3641,2937,100.00,80.66
20260629_204312_652813,terminate,1,terminate,2,1,1,0.013521,0.997802,2937,3641,2937,100.00,80.66
20260629_204312_652813,terminate,1,terminate,2,1,2,0.012838,0.975705,2937,3641,2937,100.00,80.66
20260629_204312_652813,terminate,1,terminate,2,1,3,0.017097,0.992754,2937,3641,2937,100.00,80.66
20260629_204312_652813,terminate,1,terminate,2,1,4,0.014867,0.991304,2937,3641,2937,100.00,80.66
20260629_204312_652813,terminate,1,terminate,2,1,5,0.012724,0.995880,2937,3641,2937,100.00,80.66
20260629_204312_652813,terminate,1,terminate,2,1,6,0.017985,0.972816,2937,3641,2937,100.00,80.66
20260629_204312_652813,terminate,1,terminate,2,1,7,0.013373,0.999432,2937,3641,2937,100.00,80.66
20260629_204312_652813,terminate,1,terminate,2,2,0,0.037170,0.969019,2937,3641,2937,100.00,80.66
20260629_204312_652813,terminate,1,terminate,2,2,1,0.018466,0.987951,2937,3641,2937,100.00,80.66
20260629_204312_652813,terminate,1,terminate,2,2,2,0.018768,0.962132,2937,3641,2937,100.00,80.66
20260629_204312_652813,terminate,1,terminate,2,2,3,0.017797,0.982063,2937,3641,2937,100.00,80.66
20260629_204312_652813,terminate,1,terminate,2,2,4,0.021802,0.994767,2937,3641,2937,100.00,80.66
20260629_204312_652813,terminate,1,terminate,2,2,5,0.020702,0.975729,2937,3641,2937,100.00,80.66
20260629_204312_652813,terminate,1,terminate,2,2,6,0.015183,0.983542,2937,3641,2937,100.00,80.66
20260629_204312_652813,terminate,1,terminate,2,2,7,0.020170,0.986998,2937,3641,2937,100.00,80.66
20260629_204312_652813,terminate,1,terminate,2,3,0,0.044683,0.969002,2937,3641,2937,100.00,80.66
20260629_204312_652813,terminate,1,terminate,2,3,1,0.023684,0.988402,2937,3641,2937,100.00,80.66
20260629_204312_652813,terminate,1,terminate,2,3,2,0.027409,0.971389,2937,3641,2937,100.00,80.66
20260629_204312_652813,terminate,1,terminate,2,3,3,0.038977,0.955950,2937,3641,2937,100.00,80.66
20260629_204312_652813,terminate,1,terminate,2,3,4,0.027398,0.960554,2937,3641,2937,100.00,80.66
20260629_204312_652813,terminate,1,terminate,2,3,5,0.027572,0.982986,2937,3641,2937,100.00,80.66
20260629_204312_652813,terminate,1,terminate,2,3,6,0.021805,0.977822,2937,3641,2937,100.00,80.66
20260629_204312_652813,terminate,1,terminate,2,3,7,0.036378,0.949615,2937,3641,2937,100.00,80.66
20260629_204312_652813,terminate,1,terminate,2,4,0,0.050020,0.967287,2937,3641,2937,100.00,80.66
20260629_204312_652813,terminate,1,terminate,2,4,1,0.035001,0.974311,2937,3641,2937,100.00,80.66
20260629_204312_652813,terminate,1,terminate,2,4,2,0.033630,0.997958,2937,3641,2937,100.00,80.66
20260629_204312_652813,terminate,1,terminate,2,4,3,0.033582,0.962448,2937,3641,2937,100.00,80.66
20260629_204312_652813,terminate,1,terminate,2,4,4,0.041866,0.965591,2937,3641,2937,100.00,80.66
20260629_204312_652813,terminate,1,terminate,2,4,5,0.031639,0.984814,2937,3641,2937,100.00,80.66
20260629_204312_652813,terminate,1,terminate,2,4,6,0.034624,0.953537,2937,3641,2937,100.00,80.66
20260629_204312_652813,terminate,1,terminate,2,4,7,0.032370,0.967699,2937,3641,2937,100.00,80.66
20260629_204312_652813,terminate,1,terminate,2,5,0,0.041083,0.996815,2937,3641,2937,100.00,80.66
20260629_204312_652813,terminate,1,terminate,2,5,1,0.048770,0.981025,2937,3641,2937,100.00,80.66
20260629_204312_652813,terminate,1,terminate,2,5,2,0.032919,0.973277,2937,3641,2937,100.00,80.66
20260629_204312_652813,terminate,1,terminate,2,5,3,0.048636,0.995984,2937,3641,2937,100.00,80.66
20260629_204312_652813,terminate,1,terminate,2,5,4,0.031683,0.997657,2937,3641,2937,100.00,80.66
20260629_204312_652813,terminate,1,terminate,2,5,5,0.031916,0.986169,2937,3641,2937,100.00,80.66
20260629_204312_652813,terminate,1,terminate,2,5,6,0.062402,0.975048,2937,3641,2937,100.00,80.66
20260629_204312_652813,terminate,1,terminate,2,5,7,0.054979,0.969777,2937,3641,2937,100.00,80.66
20260629_204312_652813,terminate,1,terminate,2,6,0,0.086347,0.965077,2937,3641,2937,100.00,80.66
20260629_204312_652813,terminate,1,terminate,2,6,1,0.050794,0.990372,2937,3641,2937,100.00,80.66
20260629_204312_652813,terminate,1,terminate,2,6,2,0.083904,0.913001,2937,3641,2937,100.00,80.66
20260629_204312_652813,terminate,1,terminate,2,6,3,0.032444,0.965732,2937,3641,2937,100.00,80.66
20260629_204312_652813,terminate,1,terminate,2,6,4,0.062751,0.967892,2937,3641,2937,100.00,80.66
20260629_204312_652813,terminate,1,terminate,2,6,5,0.077432,0.973849,2937,3641,2937,100.00,80.66
20260629_204312_652813,terminate,1,terminate,2,6,6,0.078326,0.969488,2937,3641,2937,100.00,80.66
20260629_204312_652813,terminate,1,terminate,2,6,7,0.053716,0.969384,2937,3641,2937,100.00,80.66
20260629_204312_652813,terminate,1,terminate,2,7,0,0.152311,0.983208,2937,3641,2937,100.00,80.66
20260629_204312_652813,terminate,1,terminate,2,7,1,0.121493,0.959162,2937,3641,2937,100.00,80.66
20260629_204312_652813,terminate,1,terminate,2,7,2,0.092739,0.994087,2937,3641,2937,100.00,80.66
20260629_204312_652813,terminate,1,terminate,2,7,3,0.073046,0.964271,2937,3641,2937,100.00,80.66
20260629_204312_652813,terminate,1,terminate,2,7,4,0.107313,0.986018,2937,3641,2937,100.00,80.66
20260629_204312_652813,terminate,1,terminate,2,7,5,0.074751,0.965586,2937,3641,2937,100.00,80.66
20260629_204312_652813,terminate,1,terminate,2,7,6,0.139308,0.978346,2937,3641,2937,100.00,80.66
20260629_204312_652813,terminate,1,terminate,2,7,7,0.132019,0.980959,2937,3641,2937,100.00,80.66
20260629_204312_652813,terminate,1,terminate,2,8,0,0.132675,0.986743,2937,3641,2937,100.00,80.66
20260629_204312_652813,terminate,1,terminate,2,8,1,0.191391,0.950237,2937,3641,2937,100.00,80.66
20260629_204312_652813,terminate,1,terminate,2,8,2,0.122669,0.990258,2937,3641,2937,100.00,80.66
20260629_204312_652813,terminate,1,terminate,2,8,3,0.149804,0.974854,2937,3641,2937,100.00,80.66
20260629_204312_652813,terminate,1,terminate,2,8,4,0.208543,0.959504,2937,3641,2937,100.00,80.66
20260629_204312_652813,terminate,1,terminate,2,8,5,0.099412,0.984174,2937,3641,2937,100.00,80.66
20260629_204312_652813,terminate,1,terminate,2,8,6,0.090400,0.988254,2937,3641,2937,100.00,80.66
20260629_204312_652813,terminate,1,terminate,2,8,7,0.129216,0.977032,2937,3641,2937,100.00,80.66
20260629_204312_652813,terminate,1,terminate,2,9,0,0.148300,0.980504,2937,3641,2937,100.00,80.66
20260629_204312_652813,terminate,1,terminate,2,9,1,0.108263,0.989724,2937,3641,2937,100.00,80.66
20260629_204312_652813,terminate,1,terminate,2,9,2,0.123091,0.982579,2937,3641,2937,100.00,80.66
20260629_204312_652813,terminate,1,terminate,2,9,3,0.114536,0.984947,2937,3641,2937,100.00,80.66
20260629_204312_652813,terminate,1,terminate,2,9,4,0.100631,0.985208,2937,3641,2937,100.00,80.66
20260629_204312_652813,terminate,1,terminate,2,9,5,0.068751,0.981389,2937,3641,2937,100.00,80.66
20260629_204312_652813,terminate,1,terminate,2,9,6,0.080486,0.985821,2937,3641,2937,100.00,80.66
20260629_204312_652813,terminate,1,terminate,2,9,7,0.149784,0.981426,2937,3641,2937,100.00,80.66
20260629_204312_652813,terminate,1,terminate,2,10,0,0.105325,0.992277,2937,3641,2937,100.00,80.66
20260629_204312_652813,terminate,1,terminate,2,10,1,0.135987,0.967634,2937,3641,2937,100.00,80.66
20260629_204312_652813,terminate,1,terminate,2,10,2,0.094908,0.979738,2937,3641,2937,100.00,80.66
20260629_204312_652813,terminate,1,terminate,2,10,3,0.079940,0.969125,2937,3641,2937,100.00,80.66
20260629_204312_652813,terminate,1,terminate,2,10,4,0.135799,0.984130,2937,3641,2937,100.00,80.66
20260629_204312_652813,terminate,1,terminate,2,10,5,0.131819,0.991319,2937,3641,2937,100.00,80.66
20260629_204312_652813,terminate,1,terminate,2,10,6,0.180517,0.939770,2937,3641,2937,100.00,80.66
20260629_204312_652813,terminate,1,terminate,2,10,7,0.182200,0.972572,2937,3641,2937,100.00,80.66
20260629_204312_652813,terminate,1,terminate,2,11,0,0.117399,0.968223,2937,3641,2937,100.00,80.66
20260629_204312_652813,terminate,1,terminate,2,11,1,0.184476,0.977551,2937,3641,2937,100.00,80.66
20260629_204312_652813,terminate,1,terminate,2,11,2,0.171654,0.951883,2937,3641,2937,100.00,80.66
20260629_204312_652813,terminate,1,terminate,2,11,3,0.135121,0.977859,2937,3641,2937,100.00,80.66
20260629_204312_652813,terminate,1,terminate,2,11,4,0.229766,0.964627,2937,3641,2937,100.00,80.66
20260629_204312_652813,terminate,1,terminate,2,11,5,0.094131,0.972327,2937,3641,2937,100.00,80.66
20260629_204312_652813,terminate,1,terminate,2,11,6,0.123604,0.978391,2937,3641,2937,100.00,80.66
20260629_204312_652813,terminate,1,terminate,2,11,7,0.127595,0.977604,2937,3641,2937,100.00,80.66
20260629_204312_652813,terminate,1,terminate,2,12,0,0.178871,0.977114,2937,3641,2937,100.00,80.66
20260629_204312_652813,terminate,1,terminate,2,12,1,0.143071,0.973429,2937,3641,2937,100.00,80.66
20260629_204312_652813,terminate,1,terminate,2,12,2,0.207792,0.990966,2937,3641,2937,100.00,80.66
20260629_204312_652813,terminate,1,terminate,2,12,3,0.217823,0.969358,2937,3641,2937,100.00,80.66
20260629_204312_652813,terminate,1,terminate,2,12,4,0.175696,0.971930,2937,3641,2937,100.00,80.66
20260629_204312_652813,terminate,1,terminate,2,12,5,0.157281,0.971516,2937,3641,2937,100.00,80.66
20260629_204312_652813,terminate,1,terminate,2,12,6,0.159924,0.964396,2937,3641,2937,100.00,80.66
20260629_204312_652813,terminate,1,terminate,2,12,7,0.193891,0.951573,2937,3641,2937,100.00,80.66
20260629_204312_652813,terminate,1,terminate,2,13,0,0.234851,0.985616,2937,3641,2937,100.00,80.66
20260629_204312_652813,terminate,1,terminate,2,13,1,0.264384,0.966016,2937,3641,2937,100.00,80.66
20260629_204312_652813,terminate,1,terminate,2,13,2,0.303976,0.977282,2937,3641,2937,100.00,80.66
20260629_204312_652813,terminate,1,terminate,2,13,3,0.223643,0.978778,2937,3641,2937,100.00,80.66
20260629_204312_652813,terminate,1,terminate,2,13,4,0.144326,0.977498,2937,3641,2937,100.00,80.66
20260629_204312_652813,terminate,1,terminate,2,13,5,0.187951,0.943273,2937,3641,2937,100.00,80.66
20260629_204312_652813,terminate,1,terminate,2,13,6,0.278745,0.986841,2937,3641,2937,100.00,80.66
20260629_204312_652813,terminate,1,terminate,2,13,7,0.233034,0.964102,2937,3641,2937,100.00,80.66
20260629_204312_652813,terminate,1,terminate,2,14,0,0.218886,0.923955,2937,3641,2937,100.00,80.66
20260629_204312_652813,terminate,1,terminate,2,14,1,0.169059,0.946170,2937,3641,2937,100.00,80.66
20260629_204312_652813,terminate,1,terminate,2,14,2,0.174215,0.989022,2937,3641,2937,100.00,80.66
20260629_204312_652813,terminate,1,terminate,2,14,3,0.290249,0.972567,2937,3641,2937,100.00,80.66
20260629_204312_652813,terminate,1,terminate,2,14,4,0.402088,0.986339,2937,3641,2937,100.00,80.66
20260629_204312_652813,terminate,1,terminate,2,14,5,0.260504,0.975616,2937,3641,2937,100.00,80.66
20260629_204312_652813,terminate,1,terminate,2,14,6,0.424103,0.955996,2937,3641,2937,100.00,80.66
20260629_204312_652813,terminate,1,terminate,2,14,7,0.169574,0.981267,2937,3641,2937,100.00,80.66
20260629_204312_652813,terminate,1,terminate,2,15,0,0.357284,0.969169,2937,3641,2937,100.00,80.66
20260629_204312_652813,terminate,1,terminate,2,15,1,0.406191,0.962411,2937,3641,2937,100.00,80.66
20260629_204312_652813,terminate,1,terminate,2,15,2,0.177107,0.985321,2937,3641,2937,100.00,80.66
20260629_204312_652813,terminate,1,terminate,2,15,3,0.286038,0.953885,2937,3641,2937,100.00,80.66
20260629_204312_652813,terminate,1,terminate,2,15,4,0.367655,0.976740,2937,3641,2937,100.00,80.66
20260629_204312_652813,terminate,1,terminate,2,15,5,0.383609,0.970438,2937,3641,2937,100.00,80.66
20260629_204312_652813,terminate,1,terminate,2,15,6,0.196201,0.986464,2937,3641,2937,100.00,80.66
20260629_204312_652813,terminate,1,terminate,2,15,7,0.216604,0.982683,2937,3641,2937,100.00,80.66
20260629_204312_652813,terminate,1,terminate,2,16,0,0.295979,0.970397,2937,3641,2937,100.00,80.66
20260629_204312_652813,terminate,1,terminate,2,16,1,0.587842,0.941909,2937,3641,2937,100.00,80.66
20260629_204312_652813,terminate,1,terminate,2,16,2,0.415839,0.944894,2937,3641,2937,100.00,80.66
20260629_204312_652813,terminate,1,terminate,2,16,3,0.234470,0.967342,2937,3641,2937,100.00,80.66
20260629_204312_652813,terminate,1,terminate,2,16,4,0.437335,0.954084,2937,3641,2937,100.00,80.66
20260629_204312_652813,terminate,1,terminate,2,16,5,0.334578,0.965784,2937,3641,2937,100.00,80.66
20260629_204312_652813,terminate,1,terminate,2,16,6,0.301369,0.970131,2937,3641,2937,100.00,80.66
20260629_204312_652813,terminate,1,terminate,2,16,7,0.509871,0.962942,2937,3641,2937,100.00,80.66
20260629_204312_652813,terminate,1,terminate,2,17,0,0.528156,0.946961,2937,3641,2937,100.00,80.66
20260629_204312_652813,terminate,1,terminate,2,17,1,0.268513,0.979531,2937,3641,2937,100.00,80.66
20260629_204312_652813,terminate,1,terminate,2,17,2,0.311610,0.965535,2937,3641,2937,100.00,80.66
20260629_204312_652813,terminate,1,terminate,2,17,3,0.454855,0.972373,2937,3641,2937,100.00,80.66
20260629_204312_652813,terminate,1,terminate,2,17,4,0.277323,0.976139,2937,3641,2937,100.00,80.66
20260629_204312_652813,terminate,1,terminate,2,17,5,0.372749,0.967228,2937,3641,2937,100.00,80.66
20260629_204312_652813,terminate,1,terminate,2,17,6,0.437959,0.954365,2937,3641,2937,100.00,80.66
20260629_204312_652813,terminate,1,terminate,2,17,7,0.424309,0.957820,2937,3641,2937,100.00,80.66
20260629_204312_652813,terminate,1,terminate,2,18,0,0.707241,0.963712,2937,3641,2937,100.00,80.66
20260629_204312_652813,terminate,1,terminate,2,18,1,0.258032,0.971836,2937,3641,2937,100.00,80.66
20260629_204312_652813,terminate,1,terminate,2,18,2,0.373759,0.976208,2937,3641,2937,100.00,80.66
20260629_204312_652813,terminate,1,terminate,2,18,3,0.681209,0.953696,2937,3641,2937,100.00,80.66
20260629_204312_652813,terminate,1,terminate,2,18,4,0.250710,0.981827,2937,3641,2937,100.00,80.66
20260629_204312_652813,terminate,1,terminate,2,18,5,0.330042,0.978525,2937,3641,2937,100.00,80.66
20260629_204312_652813,terminate,1,terminate,2,18,6,0.277700,0.973261,2937,3641,2937,100.00,80.66
20260629_204312_652813,terminate,1,terminate,2,18,7,0.410856,0.965348,2937,3641,2937,100.00,80.66
20260629_204312_652813,terminate,1,terminate,2,19,0,0.332207,0.969352,2937,3641,2937,100.00,80.66
20260629_204312_652813,terminate,1,terminate,2,19,1,0.506223,0.974253,2937,3641,2937,100.00,80.66
20260629_204312_652813,terminate,1,terminate,2,19,2,0.280979,0.960447,2937,3641,2937,100.00,80.66
20260629_204312_652813,terminate,1,terminate,2,19,3,0.395107,0.972925,2937,3641,2937,100.00,80.66
20260629_204312_652813,terminate,1,terminate,2,19,4,0.522024,0.971539,2937,3641,2937,100.00,80.66
20260629_204312_652813,terminate,1,terminate,2,19,5,0.584497,0.949956,2937,3641,2937,100.00,80.66
20260629_204312_652813,terminate,1,terminate,2,19,6,0.368994,0.946168,2937,3641,2937,100.00,80.66
20260629_204312_652813,terminate,1,terminate,2,19,7,0.750682,0.933190,2937,3641,2937,100.00,80.66
20260629_204312_652813,terminate,1,terminate,2,20,0,0.584645,0.960241,2937,3641,2937,100.00,80.66
20260629_204312_652813,terminate,1,terminate,2,20,1,0.351627,0.980955,2937,3641,2937,100.00,80.66
20260629_204312_652813,terminate,1,terminate,2,20,2,0.617887,0.955705,2937,3641,2937,100.00,80.66
20260629_204312_652813,terminate,1,terminate,2,20,3,0.623883,0.943607,2937,3641,2937,100.00,80.66
20260629_204312_652813,terminate,1,terminate,2,20,4,0.511010,0.963301,2937,3641,2937,100.00,80.66
20260629_204312_652813,terminate,1,terminate,2,20,5,0.442427,0.955194,2937,3641,2937,100.00,80.66
20260629_204312_652813,terminate,1,terminate,2,20,6,0.617531,0.978994,2937,3641,2937,100.00,80.66
20260629_204312_652813,terminate,1,terminate,2,20,7,0.516214,0.966714,2937,3641,2937,100.00,80.66
20260629_204312_652813,terminate,1,terminate,2,21,0,0.918358,0.962611,2937,3641,2937,100.00,80.66
20260629_204312_652813,terminate,1,terminate,2,21,1,0.756904,0.981007,2937,3641,2937,100.00,80.66
20260629_204312_652813,terminate,1,terminate,2,21,2,0.792097,0.969326,2937,3641,2937,100.00,80.66
20260629_204312_652813,terminate,1,terminate,2,21,3,0.404685,0.947138,2937,3641,2937,100.00,80.66
20260629_204312_652813,terminate,1,terminate,2,21,4,0.352677,0.972618,2937,3641,2937,100.00,80.66
20260629_204312_652813,terminate,1,terminate,2,21,5,0.879480,0.959892,2937,3641,2937,100.00,80.66
20260629_204312_652813,terminate,1,terminate,2,21,6,0.414571,0.946028,2937,3641,2937,100.00,80.66
20260629_204312_652813,terminate,1,terminate,2,21,7,0.366375,0.958338,2937,3641,2937,100.00,80.66
20260629_204312_652813,terminate,1,terminate,2,22,0,0.613929,0.944168,2937,3641,2937,100.00,80.66
20260629_204312_652813,terminate,1,terminate,2,22,1,0.271510,0.970292,2937,3641,2937,100.00,80.66
20260629_204312_652813,terminate,1,terminate,2,22,2,0.550352,0.956582,2937,3641,2937,100.00,80.66
20260629_204312_652813,terminate,1,terminate,2,22,3,0.786993,0.956347,2937,3641,2937,100.00,80.66
20260629_204312_652813,terminate,1,terminate,2,22,4,0.773752,0.943807,2937,3641,2937,100.00,80.66
20260629_204312_652813,terminate,1,terminate,2,22,5,0.431832,0.976687,2937,3641,2937,100.00,80.66
20260629_204312_652813,terminate,1,terminate,2,22,6,0.501814,0.940026,2937,3641,2937,100.00,80.66
20260629_204312_652813,terminate,1,terminate,2,22,7,0.975396,0.952453,2937,3641,2937,100.00,80.66
20260629_204312_652813,terminate,1,terminate,2,23,0,0.685762,0.940916,2937,3641,2937,100.00,80.66
20260629_204312_652813,terminate,1,terminate,2,23,1,0.774754,0.960841,2937,3641,2937,100.00,80.66
20260629_204312_652813,terminate,1,terminate,2,23,2,0.530158,0.966980,2937,3641,2937,100.00,80.66
20260629_204312_652813,terminate,1,terminate,2,23,3,0.357666,0.976376,2937,3641,2937,100.00,80.66
20260629_204312_652813,terminate,1,terminate,2,23,4,0.505101,0.960951,2937,3641,2937,100.00,80.66
20260629_204312_652813,terminate,1,terminate,2,23,5,0.548716,0.958448,2937,3641,2937,100.00,80.66
20260629_204312_652813,terminate,1,terminate,2,23,6,0.537887,0.973971,2937,3641,2937,100.00,80.66
20260629_204312_652813,terminate,1,terminate,2,23,7,0.655253,0.944304,2937,3641,2937,100.00,80.66
20260629_204312_652813,terminate,1,terminate,2,24,0,1.179302,0.959505,2937,3641,2937,100.00,80.66
20260629_204312_652813,terminate,1,terminate,2,24,1,0.518089,0.981173,2937,3641,2937,100.00,80.66
20260629_204312_652813,terminate,1,terminate,2,24,2,0.535887,0.976516,2937,3641,2937,100.00,80.66
20260629_204312_652813,terminate,1,terminate,2,24,3,0.620218,0.957193,2937,3641,2937,100.00,80.66
20260629_204312_652813,terminate,1,terminate,2,24,4,0.825136,0.948580,2937,3641,2937,100.00,80.66
20260629_204312_652813,terminate,1,terminate,2,24,5,0.666913,0.928188,2937,3641,2937,100.00,80.66
20260629_204312_652813,terminate,1,terminate,2,24,6,0.679166,0.956654,2937,3641,2937,100.00,80.66
20260629_204312_652813,terminate,1,terminate,2,24,7,0.650384,0.952133,2937,3641,2937,100.00,80.66
20260629_204312_652813,terminate,1,terminate,2,25,0,0.420585,0.967225,2937,3641,2937,100.00,80.66
20260629_204312_652813,terminate,1,terminate,2,25,1,0.788879,0.961318,2937,3641,2937,100.00,80.66
20260629_204312_652813,terminate,1,terminate,2,25,2,0.770757,0.965175,2937,3641,2937,100.00,80.66
20260629_204312_652813,terminate,1,terminate,2,25,3,0.571503,0.930171,2937,3641,2937,100.00,80.66
20260629_204312_652813,terminate,1,terminate,2,25,4,1.303427,0.932544,2937,3641,2937,100.00,80.66
20260629_204312_652813,terminate,1,terminate,2,25,5,0.666825,0.964283,2937,3641,2937,100.00,80.66
20260629_204312_652813,terminate,1,terminate,2,25,6,0.656788,0.955646,2937,3641,2937,100.00,80.66
20260629_204312_652813,terminate,1,terminate,2,25,7,0.637829,0.965655,2937,3641,2937,100.00,80.66
20260629_204312_652813,terminate,1,terminate,2,26,0,0.820326,0.937713,2937,3641,2937,100.00,80.66
20260629_204312_652813,terminate,1,terminate,2,26,1,0.726532,0.980805,2937,3641,2937,100.00,80.66
20260629_204312_652813,terminate,1,terminate,2,26,2,0.669269,0.957136,2937,3641,2937,100.00,80.66
20260629_204312_652813,terminate,1,terminate,2,26,3,0.951254,0.953829,2937,3641,2937,100.00,80.66
20260629_204312_652813,terminate,1,terminate,2,26,4,0.557688,0.980718,2937,3641,2937,100.00,80.66
20260629_204312_652813,terminate,1,terminate,2,26,5,0.425709,0.969614,2937,3641,2937,100.00,80.66
20260629_204312_652813,terminate,1,terminate,2,26,6,0.739557,0.978485,2937,3641,2937,100.00,80.66
20260629_204312_652813,terminate,1,terminate,2,26,7,0.814310,0.962001,2937,3641,2937,100.00,80.66
20260629_204312_652813,terminate,1,terminate,2,27,0,1.184914,0.966481,2937,3641,2937,100.00,80.66
20260629_204312_652813,terminate,1,terminate,2,27,1,1.001040,0.970990,2937,3641,2937,100.00,80.66
20260629_204312_652813,terminate,1,terminate,2,27,2,1.484771,0.927408,2937,3641,2937,100.00,80.66
20260629_204312_652813,terminate,1,terminate,2,27,3,0.579494,0.980191,2937,3641,2937,100.00,80.66
20260629_204312_652813,terminate,1,terminate,2,27,4,0.900367,0.951502,2937,3641,2937,100.00,80.66
20260629_204312_652813,terminate,1,terminate,2,27,5,0.772105,0.935902,2937,3641,2937,100.00,80.66
20260629_204312_652813,terminate,1,terminate,2,27,6,0.773123,0.972174,2937,3641,2937,100.00,80.66
20260629_204312_652813,terminate,1,terminate,2,27,7,1.097240,0.969022,2937,3641,2937,100.00,80.66
20260629_204312_652813,terminate,1,terminate,2,28,0,0.727698,0.969808,2937,3641,2937,100.00,80.66
20260629_204312_652813,terminate,1,terminate,2,28,1,0.699374,0.969207,2937,3641,2937,100.00,80.66
20260629_204312_652813,terminate,1,terminate,2,28,2,0.674553,0.973059,2937,3641,2937,100.00,80.66
20260629_204312_652813,terminate,1,terminate,2,28,3,0.743138,0.953289,2937,3641,2937,100.00,80.66
20260629_204312_652813,terminate,1,terminate,2,28,4,1.028290,0.964410,2937,3641,2937,100.00,80.66
20260629_204312_652813,terminate,1,terminate,2,28,5,1.404949,0.948059,2937,3641,2937,100.00,80.66
20260629_204312_652813,terminate,1,terminate,2,28,6,0.691615,0.983483,2937,3641,2937,100.00,80.66
20260629_204312_652813,terminate,1,terminate,2,28,7,0.924461,0.930379,2937,3641,2937,100.00,80.66
20260629_204312_652813,terminate,1,terminate,2,29,0,0.962638,0.957632,2937,3641,2937,100.00,80.66
20260629_204312_652813,terminate,1,terminate,2,29,1,1.042938,0.957325,2937,3641,2937,100.00,80.66
20260629_204312_652813,terminate,1,terminate,2,29,2,0.740396,0.955377,2937,3641,2937,100.00,80.66
20260629_204312_652813,terminate,1,terminate,2,29,3,1.047678,0.988903,2937,3641,2937,100.00,80.66
20260629_204312_652813,terminate,1,terminate,2,29,4,1.231434,0.976308,2937,3641,2937,100.00,80.66
20260629_204312_652813,terminate,1,terminate,2,29,5,1.274432,0.963213,2937,3641,2937,100.00,80.66
20260629_204312_652813,terminate,1,terminate,2,29,6,1.071956,0.951069,2937,3641,2937,100.00,80.66
20260629_204312_652813,terminate,1,terminate,2,29,7,1.441646,0.984185,2937,3641,2937,100.00,80.66
20260629_204312_652813,terminate,1,terminate,2,30,0,0.920474,0.961711,2937,3641,2937,100.00,80.66
20260629_204312_652813,terminate,1,terminate,2,30,1,1.169206,0.964271,2937,3641,2937,100.00,80.66
20260629_204312_652813,terminate,1,terminate,2,30,2,0.979050,0.969219,2937,3641,2937,100.00,80.66
20260629_204312_652813,terminate,1,terminate,2,30,3,1.924304,0.970730,2937,3641,2937,100.00,80.66
20260629_204312_652813,terminate,1,terminate,2,30,4,1.284541,0.983196,2937,3641,2937,100.00,80.66
20260629_204312_652813,terminate,1,terminate,2,30,5,1.018355,0.961692,2937,3641,2937,100.00,80.66
20260629_204312_652813,terminate,1,terminate,2,30,6,1.147604,0.952720,2937,3641,2937,100.00,80.66
20260629_204312_652813,terminate,1,terminate,2,30,7,1.960850,0.975232,2937,3641,2937,100.00,80.66
20260629_204312_652813,terminate,1,terminate,2,31,0,1.654448,0.960662,2937,3641,2937,100.00,80.66
20260629_204312_652813,terminate,1,terminate,2,31,1,1.617579,0.976200,2937,3641,2937,100.00,80.66
20260629_204312_652813,terminate,1,terminate,2,31,2,1.105137,0.970354,2937,3641,2937,100.00,80.66
20260629_204312_652813,terminate,1,terminate,2,31,3,1.862365,0.950085,2937,3641,2937,100.00,80.66
20260629_204312_652813,terminate,1,terminate,2,31,4,1.461779,0.977358,2937,3641,2937,100.00,80.66
20260629_204312_652813,terminate,1,terminate,2,31,5,1.358542,0.934338,2937,3641,2937,100.00,80.66
20260629_204312_652813,terminate,1,terminate,2,31,6,1.754256,0.975981,2937,3641,2937,100.00,80.66
20260629_204312_652813,terminate,1,terminate,2,31,7,1.745608,0.943210,2937,3641,2937,100.00,80.66
20260629_204312_652813,terminate,1,terminate,2,32,0,1.436340,0.977435,2937,3641,2937,100.00,80.66
20260629_204312_652813,terminate,1,terminate,2,32,1,1.185933,0.959605,2937,3641,2937,100.00,80.66
20260629_204312_652813,terminate,1,terminate,2,32,2,1.141529,0.963423,2937,3641,2937,100.00,80.66
20260629_204312_652813,terminate,1,terminate,2,32,3,1.542132,0.974889,2937,3641,2937,100.00,80.66
20260629_204312_652813,terminate,1,terminate,2,32,4,2.354892,0.988444,2937,3641,2937,100.00,80.66
20260629_204312_652813,terminate,1,terminate,2,32,5,1.507136,0.963674,2937,3641,2937,100.00,80.66
20260629_204312_652813,terminate,1,terminate,2,32,6,1.556698,0.986923,2937,3641,2937,100.00,80.66
20260629_204312_652813,terminate,1,terminate,2,32,7,2.999152,0.961536,2937,3641,2937,100.00,80.66
20260629_204312_652813,terminate,1,terminate,2,33,0,1.660323,0.966089,2937,3641,2937,100.00,80.66
20260629_204312_652813,terminate,1,terminate,2,33,1,1.247582,0.977033,2937,3641,2937,100.00,80.66
20260629_204312_652813,terminate,1,terminate,2,33,2,1.633034,0.973803,2937,3641,2937,100.00,80.66
20260629_204312_652813,terminate,1,terminate,2,33,3,2.255285,0.945884,2937,3641,2937,100.00,80.66
20260629_204312_652813,terminate,1,terminate,2,33,4,1.958917,0.943283,2937,3641,2937,100.00,80.66
20260629_204312_652813,terminate,1,terminate,2,33,5,1.957489,0.971953,2937,3641,2937,100.00,80.66
20260629_204312_652813,terminate,1,terminate,2,33,6,1.376870,0.971891,2937,3641,2937,100.00,80.66
20260629_204312_652813,terminate,1,terminate,2,33,7,1.911141,0.964652,2937,3641,2937,100.00,80.66
20260629_204312_652813,terminate,1,terminate,2,34,0,2.819190,0.978584,2937,3641,2937,100.00,80.66
20260629_204312_652813,terminate,1,terminate,2,34,1,1.471408,0.973847,2937,3641,2937,100.00,80.66
20260629_204312_652813,terminate,1,terminate,2,34,2,1.712160,0.980812,2937,3641,2937,100.00,80.66
20260629_204312_652813,terminate,1,terminate,2,34,3,1.987124,0.979295,2937,3641,2937,100.00,80.66
20260629_204312_652813,terminate,1,terminate,2,34,4,2.243796,0.976238,2937,3641,2937,100.00,80.66
20260629_204312_652813,terminate,1,terminate,2,34,5,1.948203,0.967330,2937,3641,2937,100.00,80.66
20260629_204312_652813,terminate,1,terminate,2,34,6,2.063025,0.964911,2937,3641,2937,100.00,80.66
20260629_204312_652813,terminate,1,terminate,2,34,7,1.739647,0.975868,2937,3641,2937,100.00,80.66
20260629_204312_652813,terminate,1,terminate,2,35,0,2.139547,0.982054,2937,3641,2937,100.00,80.66
20260629_204312_652813,terminate,1,terminate,2,35,1,2.209296,0.962028,2937,3641,2937,100.00,80.66
20260629_204312_652813,terminate,1,terminate,2,35,2,2.330353,0.968636,2937,3641,2937,100.00,80.66
20260629_204312_652813,terminate,1,terminate,2,35,3,1.887420,0.973547,2937,3641,2937,100.00,80.66
20260629_204312_652813,terminate,1,terminate,2,35,4,2.155415,0.984267,2937,3641,2937,100.00,80.66
20260629_204312_652813,terminate,1,terminate,2,35,5,2.429324,0.975219,2937,3641,2937,100.00,80.66
20260629_204312_652813,terminate,1,terminate,2,35,6,2.302509,0.977570,2937,3641,2937,100.00,80.66
20260629_204312_652813,terminate,1,terminate,2,35,7,2.066049,0.980841,2937,3641,2937,100.00,80.66
20260629_204312_652813,terminate,1,terminate,2,36,0,2.986301,0.964963,2937,3641,2937,100.00,80.66
20260629_204312_652813,terminate,1,terminate,2,36,1,4.096659,0.991111,2937,3641,2937,100.00,80.66
20260629_204312_652813,terminate,1,terminate,2,36,2,2.318098,0.963673,2937,3641,2937,100.00,80.66
20260629_204312_652813,terminate,1,terminate,2,36,3,2.287789,0.976943,2937,3641,2937,100.00,80.66
20260629_204312_652813,terminate,1,terminate,2,36,4,2.610443,0.971540,2937,3641,2937,100.00,80.66
20260629_204312_652813,terminate,1,terminate,2,36,5,2.130200,0.977594,2937,3641,2937,100.00,80.66
20260629_204312_652813,terminate,1,terminate,2,36,6,3.181641,0.976840,2937,3641,2937,100.00,80.66
20260629_204312_652813,terminate,1,terminate,2,36,7,1.917929,0.986270,2937,3641,2937,100.00,80.66
20260629_204312_652813,terminate,1,terminate,2,37,0,2.429343,0.972803,2937,3641,2937,100.00,80.66
20260629_204312_652813,terminate,1,terminate,2,37,1,2.548692,0.974224,2937,3641,2937,100.00,80.66
20260629_204312_652813,terminate,1,terminate,2,37,2,2.950991,0.977812,2937,3641,2937,100.00,80.66
20260629_204312_652813,terminate,1,terminate,2,37,3,3.041680,0.960312,2937,3641,2937,100.00,80.66
20260629_204312_652813,terminate,1,terminate,2,37,4,3.774133,0.980159,2937,3641,2937,100.00,80.66
20260629_204312_652813,terminate,1,terminate,2,37,5,2.564793,0.981002,2937,3641,2937,100.00,80.66
20260629_204312_652813,terminate,1,terminate,2,37,6,3.894228,0.966564,2937,3641,2937,100.00,80.66
20260629_204312_652813,terminate,1,terminate,2,37,7,4.188455,0.992429,2937,3641,2937,100.00,80.66
20260629_204312_652813,terminate,1,terminate,2,38,0,5.100210,0.992435,2937,3641,2937,100.00,80.66
20260629_204312_652813,terminate,1,terminate,2,38,1,2.813718,0.969296,2937,3641,2937,100.00,80.66
20260629_204312_652813,terminate,1,terminate,2,38,2,2.652692,0.964988,2937,3641,2937,100.00,80.66
20260629_204312_652813,terminate,1,terminate,2,38,3,2.775374,0.974553,2937,3641,2937,100.00,80.66
20260629_204312_652813,terminate,1,terminate,2,38,4,2.804061,0.970022,2937,3641,2937,100.00,80.66
20260629_204312_652813,terminate,1,terminate,2,38,5,2.613815,0.971402,2937,3641,2937,100.00,80.66
20260629_204312_652813,terminate,1,terminate,2,38,6,3.436672,0.992712,2937,3641,2937,100.00,80.66
20260629_204312_652813,terminate,1,terminate,2,38,7,3.091623,0.975192,2937,3641,2937,100.00,80.66
20260629_204312_652813,terminate,1,terminate,2,39,0,2.561906,0.972622,2937,3641,2937,100.00,80.66
20260629_204312_652813,terminate,1,terminate,2,39,1,2.421632,0.956041,2937,3641,2937,100.00,80.66
20260629_204312_652813,terminate,1,terminate,2,39,2,3.814317,0.978150,2937,3641,2937,100.00,80.66
20260629_204312_652813,terminate,1,terminate,2,39,3,2.349455,0.974973,2937,3641,2937,100.00,80.66
20260629_204312_652813,terminate,1,terminate,2,39,4,3.139461,0.955526,2937,3641,2937,100.00,80.66
20260629_204312_652813,terminate,1,terminate,2,39,5,5.193082,0.986666,2937,3641,2937,100.00,80.66
20260629_204312_652813,terminate,1,terminate,2,39,6,2.633094,0.934541,2937,3641,2937,100.00,80.66
20260629_204312_652813,terminate,1,terminate,2,39,7,3.845985,0.990424,2937,3641,2937,100.00,80.66
